"date","plot","treatment","mean_t_top","mean_t_bottom","mean_t_ground","mean_vwc"
2023-05-04,"1","w",19.3756510416667,18.4641927083333,16.7669270833333,25.3921802829167
2023-05-04,"10","p",17.29296875,18.05078125,16.8307291666667,17.8348364889583
2023-05-04,"11","c",17.2734375,18.4635416666667,17.1217447916667,30.0112793347917
2023-05-04,"12","wp",18.974609375,18.751953125,16.66796875,24.892123405625
2023-05-04,"13","wp",18.2272135416667,17.4368489583333,16.0455729166667,27.7119367627083
2023-05-04,"14","c",17.087890625,17.0546875,16.3509114583333,26.8732797870833
2023-05-04,"15","p",17.330078125,18.7233072916667,16.4244791666667,26.257606001875
2023-05-04,"16","w",18.259765625,17.4270833333333,15.7109375,26.0040238770833
2023-05-04,"2","c",17.9055989583333,19.9537760416667,17.9192708333333,23.6861195075
2023-05-04,"3","p",17.59375,18.296875,16.7044270833333,28.8109847958333
2023-05-04,"4","wp",18.8600260416667,17.2454427083333,16.009765625,29.9643462645833
2023-05-04,"5","wp",18.1529947916667,15.9654947916667,14.978515625,33.611187791875
2023-05-04,"6","p",17.533203125,17.9869791666667,16.72265625,29.8095137560417
2023-05-04,"7","c",17.3502604166667,18.6510416666667,16.853515625,26.2004627408333
2023-05-04,"8","w",19.4231770833333,17.6608072916667,16.0475260416667,29.5833462833333
2023-05-04,"9","w",19.5501302083333,17.6041666666667,15.830078125,29.0152145233333
2023-05-16,"1","w",11.1953125,12.9420572916667,13.8938802083333,30.130420115
2023-05-16,"10","p",9.76888020833333,10.2923177083333,12.392578125,31.0384532814583
2023-05-16,"11","c",9.81901041666667,13.46484375,14.4329427083333,40.0931073639583
2023-05-16,"12","wp",10.7415364583333,11.8274739583333,13.57421875,19.3086718977083
2023-05-16,"13","wp",10.9029947916667,11.478515625,13.4498697916667,29.6689107789583
2023-05-16,"14","c",9.68489583333333,12.3274739583333,13.55078125,34.68773165375
2023-05-16,"15","p",9.89322916666667,10.564453125,12.9869791666667,22.3920066295833
2023-05-16,"16","w",10.6458333333333,11.23046875,12.986328125,30.141786943125
2023-05-16,"2","c",10.1809895833333,12.2369791666667,14.0930989583333,27.2423457595833
2023-05-16,"3","p",9.78190104166667,10.9921875,13.365234375,26.707249195
2023-05-16,"4","wp",10.87109375,11.998046875,13.765625,32.846775149375
2023-05-16,"5","wp",10.634765625,11.7408854166667,13.6315104166667,31.2881427220833
2023-05-16,"6","p",9.9453125,10.5572916666667,12.7649739583333,28.8904036783333
2023-05-16,"7","c",9.634765625,12.140625,13.8072916666667,34.1447828439583
2023-05-16,"8","w",10.8717447916667,13.0794270833333,13.7526041666667,39.792340163125
2023-05-16,"9","w",11.2233072916667,12.626953125,13.283203125,33.0905848010417
2023-06-14,"1","w",20.0123697916667,20.6901041666667,19.658203125,24.0545732985417
2023-06-14,"10","p",17.6998697916667,18.7350260416667,21.1927083333333,17.5482707320833
2023-06-14,"11","c",17.9127604166667,20.392578125,19.8033854166667,30.6092071572917
2023-06-14,"12","wp",19.0930989583333,20.90625,21.8196614583333,12.9899114533333
2023-06-14,"13","wp",19.29296875,20.1751302083333,21.6555989583333,15.1189449779167
2023-06-14,"14","c",17.9231770833333,19.9036458333333,19.2311197916667,25.11851828375
2023-06-14,"15","p",18.44140625,19.6484375,21.84375,16.334083880625
2023-06-14,"16","w",19.1451822916667,19.2545572916667,18.8098958333333,25.3706094060417
2023-06-14,"2","c",18.3528645833333,20.7858072916667,20.1946614583333,26.7027154279167
2023-06-14,"3","p",17.896484375,19.5592447916667,21.521484375,17.8332767985417
2023-06-14,"4","wp",19.37109375,20.9537760416667,22.2591145833333,16.034985019375
2023-06-14,"5","wp",19.095703125,20.9244791666667,22.21875,18.91485506875
2023-06-14,"6","p",17.8815104166667,19.25,21.27734375,19.8728390152083
2023-06-14,"7","c",17.6829427083333,19.4010416666667,19.0983072916667,27.392969088125
2023-06-14,"8","w",19.2194010416667,20.349609375,19.4739583333333,27.0443733410417
2023-06-14,"9","w",19.4453125,20.0618489583333,18.876953125,27.8786434972917
2023-06-28,"1","w",20.2513020833333,21.2565104166667,20.1009114583333,25.2470942439583
2023-06-28,"10","p",18.4505208333333,19.4830729166667,21.63671875,19.3202580808333
2023-06-28,"11","c",18.7669270833333,21.4303385416667,20.4485677083333,28.1698343620833
2023-06-28,"12","wp",19.7018229166667,21.5455729166667,21.9915364583333,14.3427724577083
2023-06-28,"13","wp",20.2180989583333,21.36328125,22.5475260416667,18.3502835979167
2023-06-28,"14","c",18.7467447916667,20.81640625,20.01953125,25.9785631735417
2023-06-28,"15","p",19.4134114583333,21.2044270833333,22.8033854166667,18.6412222685417
2023-06-28,"16","w",19.8723958333333,20.7141927083333,19.6953125,28.6164036033333
2023-06-28,"2","c",19.0885416666667,21.6490885416667,20.9010416666667,27.8471594345833
2023-06-28,"3","p",18.8020833333333,20.875,22.7037760416667,19.9444023872917
2023-06-28,"4","wp",19.9322916666667,21.4388020833333,22.5305989583333,18.0452797575
2023-06-28,"5","wp",19.6770833333333,21.7428385416667,22.443359375,17.739009665625
2023-06-28,"6","p",18.6634114583333,19.8463541666667,21.5638020833333,16.3414512452083
2023-06-28,"7","c",18.466796875,20.3782552083333,19.7005208333333,23.7464220985417
2023-06-28,"8","w",19.6276041666667,21.619140625,20.4029947916667,25.81477729875
2023-06-28,"9","w",19.828125,20.9440104166667,19.5748697916667,30.7337454114583
2023-07-11,"1","w",22.3671875,24.8151041666667,23.4674479166667,35.4984505683333
2023-07-11,"10","p",19.9850260416667,21.3033854166667,24.8248697916667,29.0871379377083
2023-07-11,"11","c",20.8463541666667,23.4153645833333,22.5638020833333,38.6908285608333
2023-07-11,"12","wp",21.515625,24.0553385416667,25.189453125,20.49138224
2023-07-11,"13","wp",22.3684895833333,23.3919270833333,26.185546875,27.918074385625
2023-07-11,"14","c",20.0514322916667,22.9641927083333,22.12890625,35.6742792645833
2023-07-11,"15","p",20.1946614583333,22.1842447916667,25.1471354166667,27.5899229116667
2023-07-11,"16","w",22.2688802083333,25.45703125,23.1490885416667,34.243477065625
2023-07-11,"2","c",21.1315104166667,23.9817708333333,23.6061197916667,37.1508033160417
2023-07-11,"3","p",20.7565104166667,22.2786458333333,25.1634114583333,27.9577908752083
2023-07-11,"4","wp",21.9029947916667,23.8216145833333,26.3313802083333,25.0963448479167
2023-07-11,"5","wp",21.5904947916667,24.8001302083333,26.6686197916667,26.550698425
2023-07-11,"6","p",20.17578125,21.3118489583333,23.8763020833333,24.456584234375
2023-07-11,"7","c",19.9029947916667,23.0859375,21.8873697916667,33.1685912466667
2023-07-11,"8","w",21.7682291666667,24.9505208333333,23.470703125,33.5576271122917
2023-07-11,"9","w",21.9446614583333,24.4127604166667,22.62109375,38.40897818
2023-07-26,"1","w",21.720703125,23.8645833333333,21.9029947916667,24.716840919375
2023-07-26,"10","p",19.5299479166667,20.6373697916667,23.201171875,15.4808965735417
2023-07-26,"11","c",19.5416666666667,22.6432291666667,20.8255208333333,26.6357940702083
2023-07-26,"12","wp",21.6171875,24.7434895833333,23.9713541666667,7.3099948425
2023-07-26,"13","wp",22.2981770833333,23.7805989583333,24.8756510416667,20.2634834389583
2023-07-26,"14","c",19.55859375,22.751953125,20.8268229166667,23.9661392989583
2023-07-26,"15","p",19.794921875,21.1276041666667,23.8216145833333,18.6679087095833
2023-07-26,"16","w",22.109375,23.59375,21.255859375,24.33728083875
2023-07-26,"2","c",19.6536458333333,22.087890625,21.4915364583333,27.5744677122917
2023-07-26,"3","p",19.486328125,21.466796875,23.2578125,11.7253356952083
2023-07-26,"4","wp",21.94140625,24.4544270833333,24.7897135416667,10.4038758202083
2023-07-26,"5","wp",21.521484375,24.9869791666667,24.6516927083333,10.3090732060417
2023-07-26,"6","p",19.65625,20.8658854166667,22.5924479166667,12.2472781064583
2023-07-26,"7","c",19.40625,20.7779947916667,19.91015625,22.125938854375
2023-07-26,"8","w",21.7415364583333,24.0403645833333,21.8854166666667,23.4273662033333
2023-07-26,"9","w",22.0013020833333,23.603515625,21.142578125,27.515153321875
2023-08-22,"1","w",27.4296875,29.6881510416667,26.7734375,19.8686864954167
2023-08-22,"10","p",25.2623697916667,26.96484375,29.369140625,10.7293427897917
2023-08-22,"11","c",25.1764322916667,29.201171875,25.4759114583333,21.3708850997917
2023-08-22,"12","wp",27.3645833333333,30.0930989583333,29.2526041666667,5.68286958166667
2023-08-22,"13","wp",27.7200520833333,28.837890625,29.9954427083333,12.1933548347917
2023-08-22,"14","c",25.369140625,29.2649739583333,25.7233072916667,16.589448344375
2023-08-22,"15","p",25.390625,27.5572916666667,28.7473958333333,8.91180019104167
2023-08-22,"16","w",27.544921875,29.6627604166667,26.3860677083333,17.851266823125
2023-08-22,"2","c",25.5794270833333,29.189453125,27.1692708333333,17.951899586875
2023-08-22,"3","p",25.185546875,27.7552083333333,28.55859375,10.05865279625
2023-08-22,"4","wp",27.5169270833333,29.3118489583333,30.1041666666667,7.98801316208333
2023-08-22,"5","wp",27.0696614583333,29.8190104166667,29.8697916666667,7.2563975825
2023-08-22,"6","p",25.517578125,27.6953125,28.962890625,8.13748096083333
2023-08-22,"7","c",25.1178385416667,28.5787760416667,24.6302083333333,16.9049152852083
2023-08-22,"8","w",27.287109375,29.9075520833333,26.4166666666667,19.67952702125
2023-08-22,"9","w",27.4049479166667,29.8092447916667,25.5716145833333,21.4398116064583
2023-09-04,"1","w",24.3671875,24.9186197916667,22.49609375,32.9840118885417
2023-09-04,"10","p",23.2018229166667,23.6048177083333,21.7825520833333,27.953723499375
2023-09-04,"11","c",23.3723958333333,23.5891927083333,21.1998697916667,36.0544075285417
2023-09-04,"12","wp",23.9641927083333,24.7708333333333,22.837890625,19.7158364245833
2023-09-04,"13","wp",24.1341145833333,24.1790364583333,22.22265625,27.30218435375
2023-09-04,"14","c",23.4153645833333,24.3756510416667,21.474609375,32.5899919604167
2023-09-04,"15","p",23.3515625,23.6399739583333,21.2962239583333,25.6813195154167
2023-09-04,"16","w",24.4010416666667,25.0911458333333,22.4075520833333,32.2586743485417
2023-09-04,"2","c",23.6360677083333,24.2552083333333,21.5325520833333,30.6582339264583
2023-09-04,"3","p",23.2981770833333,23.5833333333333,21.541015625,25.2766021291667
2023-09-04,"4","wp",24.2942708333333,25.1953125,23.3645833333333,15.0674550041667
2023-09-04,"5","wp",23.912109375,24.611328125,23.1184895833333,24.2308809470833
2023-09-04,"6","p",23.4459635416667,23.759765625,21.5481770833333,26.2637753364583
2023-09-04,"7","c",23.255859375,22.7962239583333,20.5169270833333,31.7148265010417
2023-09-04,"8","w",24.1015625,24.3391927083333,22.375,30.5496065183333
2023-09-04,"9","w",24.0260416666667,23.8177083333333,21.9537760416667,33.4127716283333
2023-09-18,"1","w",19.3658854166667,20.5768229166667,20.5338541666667,35.0803197797917
2023-09-18,"10","p",18.4029947916667,18.2493489583333,18.3326822916667,27.145520781875
2023-09-18,"11","c",18.4186197916667,19.2708333333333,19.5846354166667,38.3162580154167
2023-09-18,"12","wp",19.3776041666667,20.724609375,20.4342447916667,19.024577524375
2023-09-18,"13","wp",19.59375,20.5130208333333,20.57421875,23.596676480625
2023-09-18,"14","c",18.3177083333333,18.9401041666667,19.3723958333333,31.4639822308333
2023-09-18,"15","p",18.3131510416667,19.0208333333333,18.9602864583333,18.9775804708333
2023-09-18,"16","w",18.9876302083333,18.9856770833333,20.123046875,32.5444248091667
2023-09-18,"2","c",18.515625,19.08984375,19.6048177083333,31.4134814222917
2023-09-18,"3","p",18.2903645833333,18.8203125,18.6549479166667,21.5842542139583
2023-09-18,"4","wp",19.4609375,21.2682291666667,20.67578125,20.8685113327083
2023-09-18,"5","wp",19.2057291666667,20.4615885416667,20.3567708333333,22.2823857039583
2023-09-18,"6","p",18.4680989583333,18.2805989583333,18.4635416666667,23.6422047777083
2023-09-18,"7","c",18.2916666666667,19.0540364583333,19.4544270833333,31.63100483125
2023-09-18,"8","w",19.4505208333333,20.7916666666667,20.8098958333333,28.1211581327083
2023-09-18,"9","w",19.7024739583333,20.513671875,20.3450520833333,30.3462439345833
2023-10-04,"1","w",20.619140625,21.876953125,20.9596354166667,27.57766029875
2023-10-04,"10","p",18.810546875,18.9375,19.9264322916667,17.8687260264583
2023-10-04,"11","c",18.9166666666667,20.6764322916667,19.3938802083333,31.4564701729167
2023-10-04,"12","wp",20.7213541666667,23.26953125,22.2799479166667,10.9605463625
2023-10-04,"13","wp",20.8977864583333,22.1126302083333,22.8196614583333,15.1786047852083
2023-10-04,"14","c",18.9420572916667,19.8444010416667,19.4114583333333,25.4298066014583
2023-10-04,"15","p",18.90234375,20.66015625,21.5638020833333,11.1665987033333
2023-10-04,"16","w",20.5032552083333,20.9401041666667,20.1979166666667,23.3316480579167
2023-10-04,"2","c",19.1901041666667,20.599609375,20.0201822916667,24.1845673352083
2023-10-04,"3","p",18.9485677083333,20.3932291666667,21.0598958333333,12.2186639427083
2023-10-04,"4","wp",20.8111979166667,23.0970052083333,22.5104166666667,16.3011695908333
2023-10-04,"5","wp",20.380859375,22.2727864583333,22.3248697916667,12.2214526514583
2023-10-04,"6","p",18.9830729166667,19.3567708333333,19.873046875,14.5670124472917
2023-10-04,"7","c",18.82421875,19.9733072916667,19.1119791666667,22.69778851
2023-10-04,"8","w",20.07421875,21.5305989583333,20.6920572916667,22.8166497925
2023-10-04,"9","w",20.6432291666667,22.1432291666667,20.7486979166667,23.611712669375
2023-10-16,"1","w",17.0611979166667,17.9251302083333,18.5963541666667,24.4723556902083
2023-10-16,"10","p",16.3971354166667,16.2174479166667,16.5794270833333,16.2508579270833
2023-10-16,"11","c",16.5149739583333,16.6888020833333,16.9837239583333,26.4412714975
2023-10-16,"12","wp",17.015625,17.9811197916667,18.6940104166667,9.85912152666667
2023-10-16,"13","wp",17.2317708333333,17.5651041666667,18.51953125,12.3948629483333
2023-10-16,"14","c",16.5325520833333,16.6458333333333,17.0227864583333,24.145283610625
2023-10-16,"15","p",16.5149739583333,16.4921875,16.9739583333333,11.8189520047917
2023-10-16,"16","w",16.80859375,17.6627604166667,18.203125,19.9511575745833
2023-10-16,"2","c",16.826171875,17.0149739583333,17.5403645833333,21.7072994166667
2023-10-16,"3","p",16.46875,16.6061197916667,17.119140625,12.5175385314583
2023-10-16,"4","wp",17.044921875,17.9303385416667,18.6256510416667,10.51994628875
2023-10-16,"5","wp",16.943359375,17.4947916666667,18.5032552083333,10.927402151875
2023-10-16,"6","p",16.568359375,16.1822916666667,16.6145833333333,13.665082329375
2023-10-16,"7","c",16.3977864583333,16.6354166666667,16.994140625,19.419572933125
2023-10-16,"8","w",16.5735677083333,17.66796875,17.904296875,20.84928894625
2023-10-16,"9","w",16.921875,18.0104166666667,18.2799479166667,21.705828786875
2023-11-13,"1","w",16.9759114583333,16.1145833333333,14.927734375,40.2579841195833
2023-11-13,"10","p",16.73046875,15.2272135416667,13.541015625,35.15375625125
2023-11-13,"11","c",16.9166666666667,15.0279947916667,13.68359375,46.154438961875
2023-11-13,"12","wp",16.66796875,16.0592447916667,14.3782552083333,32.4075670895833
2023-11-13,"13","wp",16.8509114583333,16.1640625,14.84375,38.40939550625
2023-11-13,"14","c",16.8502604166667,14.7291666666667,13.5045572916667,37.8260819925
2023-11-13,"15","p",16.8645833333333,15.9615885416667,13.685546875,29.4492632466667
2023-11-13,"16","w",16.634765625,15.3795572916667,14.6770833333333,43.9098323439583
2023-11-13,"2","c",17.2350260416667,15.5481770833333,13.9544270833333,39.022618145
2023-11-13,"3","p",16.849609375,15.9173177083333,13.802734375,33.0052303508333
2023-11-13,"4","wp",16.83984375,16.6282552083333,15.0872395833333,34.3906308902083
2023-11-13,"5","wp",16.6985677083333,16.2180989583333,15.0104166666667,33.5886404377083
2023-11-13,"6","p",16.9609375,15.4264322916667,13.7109375,36.4094879614583
2023-11-13,"7","c",16.80078125,14.236328125,13.685546875,38.7293697733333
2023-11-13,"8","w",16.4049479166667,14.7747395833333,14.2473958333333,41.8833860822917
2023-11-13,"9","w",16.8372395833333,14.9921875,14.3014322916667,40.866925970625
2024-03-12,"1","w",9.564453125,9.255859375,8.79361979166667,53.8737590610417
2024-03-12,"10","p",7.99674479166667,7.88932291666667,8.47005208333333,50.4865285447917
2024-03-12,"11","c",8.09505208333333,8.904296875,8.41341145833333,54.1977836125
2024-03-12,"12","wp",9.314453125,10.08203125,9.009765625,54.2830069829167
2024-03-12,"13","wp",9.43619791666667,8.9296875,8.28255208333333,51.673110888125
2024-03-12,"14","c",7.986328125,8.39973958333333,8.40950520833333,52.2262453570833
2024-03-12,"15","p",8.14713541666667,8.57486979166667,8.65755208333333,50.6533336404167
2024-03-12,"16","w",9.5,8.8828125,8.51432291666667,53.1356823733333
2024-03-12,"2","c",8.58723958333333,8.80794270833333,8.365234375,55.71565687
2024-03-12,"3","p",8.47330729166667,8.47526041666667,8.55143229166667,54.2004180897917
2024-03-12,"4","wp",9.53255208333333,9.59375,8.55208333333333,55.7648990666667
2024-03-12,"5","wp",9.388671875,10.390625,9.765625,52.7902346027083
2024-03-12,"6","p",8.22916666666667,8.19075520833333,8.34309895833333,53.3594288122917
2024-03-12,"7","c",8.05729166666667,8.75130208333333,8.61263020833333,53.8353687347917
2024-03-12,"8","w",9.29947916666667,9.55859375,8.90494791666667,55.0963144510417
2024-03-12,"9","w",9.6328125,9.02278645833333,8.46809895833333,54.6859522604167
2024-04-03,"1","w",14.3665364583333,12.2272135416667,10.9049479166667,51.1440367070833
2024-04-03,"10","p",13.5123697916667,12.3059895833333,11.30859375,43.9201053691667
2024-04-03,"11","c",13.6100260416667,12.2975260416667,10.7649739583333,52.9308144745833
2024-04-03,"12","wp",13.681640625,11.8776041666667,10.6282552083333,52.9807727835417
2024-04-03,"13","wp",14.263671875,11.953125,10.7669270833333,49.12540652
2024-04-03,"14","c",13.5227864583333,12.3430989583333,11.166015625,49.7869876372917
2024-04-03,"15","p",13.6139322916667,12.5338541666667,11.0390625,48.8114040754167
2024-04-03,"16","w",14.3248697916667,11.7760416666667,10.6920572916667,52.2835670260417
2024-04-03,"2","c",14.0481770833333,12.6959635416667,10.9251302083333,50.5154690141667
2024-04-03,"3","p",13.5872395833333,12.388671875,10.9290364583333,50.425299105625
2024-04-03,"4","wp",14.216796875,12.2552083333333,10.8138020833333,54.6777833779167
2024-04-03,"5","wp",14.19921875,13.76953125,11.8424479166667,47.9361928108333
2024-04-03,"6","p",13.7786458333333,12.0123697916667,10.8587239583333,47.416683414375
2024-04-03,"7","c",13.5611979166667,12.2897135416667,11.0638020833333,49.1055281314583
2024-04-03,"8","w",14.123046875,11.8255208333333,10.8391927083333,53.6802815520833
2024-04-03,"9","w",14.2591145833333,11.4088541666667,10.36328125,51.34831871625
2024-04-16,"1","w",10.005859375,11.5638020833333,12.6080729166667,37.9318124470833
2024-04-16,"10","p",8.72330729166667,9.80729166666667,12.046875,34.9112687372917
2024-04-16,"11","c",8.86783854166667,12.2083333333333,13.0813802083333,41.88805722
2024-04-16,"12","wp",9.76692708333333,11.3131510416667,11.859375,45.6928831529167
2024-04-16,"13","wp",10.0579427083333,10.923828125,12.3352864583333,41.0351925727083
2024-04-16,"14","c",8.79231770833333,11.537109375,12.8736979166667,40.7492956029167
2024-04-16,"15","p",8.828125,10.1067708333333,13.044921875,37.89484301375
2024-04-16,"16","w",9.86588541666667,11.3548177083333,12.498046875,41.9990967875
2024-04-16,"2","c",9.15885416666667,11.4088541666667,13.1217447916667,41.2627257889583
2024-04-16,"3","p",8.69140625,10.0826822916667,12.3326822916667,39.8561306820833
2024-04-16,"4","wp",9.451171875,11.2220052083333,12.2200520833333,42.6384844514583
2024-04-16,"5","wp",9.80859375,11.42578125,12.7005208333333,42.0446187629167
2024-04-16,"6","p",8.955078125,10.2858072916667,12.3268229166667,42.5858223870833
2024-04-16,"7","c",8.712890625,12.4954427083333,13.3177083333333,44.478057214375
2024-04-16,"8","w",9.80924479166667,12.09765625,12.7180989583333,46.9369962535417
2024-04-16,"9","w",9.67122395833333,11.970703125,12.443359375,46.8393825908333
2024-05-07,"1","w",12.0625,12.359375,12.4290364583333,37.071764840625
2024-05-07,"10","p",11.0475260416667,11.3619791666667,12.3385416666667,34.5959876477083
2024-05-07,"11","c",11.2884114583333,14.1432291666667,13.5677083333333,40.31775717
2024-05-07,"12","wp",12.2884114583333,11.3704427083333,11.5078125,44.7773859314583
2024-05-07,"13","wp",12.3001302083333,11.896484375,12.2819010416667,32.3942336358333
2024-05-07,"14","c",11.1627604166667,12.8854166666667,13.1354166666667,38.062640620625
2024-05-07,"15","p",11.3606770833333,12.791015625,13.7369791666667,37.9454269460417
2024-05-07,"16","w",11.9361979166667,12.0123697916667,12.361328125,41.6722438577083
2024-05-07,"2","c",11.54296875,13.0703125,13.3248697916667,39.0547643235417
2024-05-07,"3","p",11.1399739583333,13.31640625,13.4739583333333,40.6280642979167
2024-05-07,"4","wp",12.1048177083333,12.4694010416667,12.4537760416667,33.51016943625
2024-05-07,"5","wp",12.556640625,12.52734375,12.6106770833333,38.746003950625
2024-05-07,"6","p",11.3684895833333,12.17578125,12.8190104166667,42.6464664808333
2024-05-07,"7","c",11.150390625,13.3111979166667,13.3782552083333,43.491983226875
2024-05-07,"8","w",12.7532552083333,12.4557291666667,12.5384114583333,45.0637851497917
2024-05-07,"9","w",11.837890625,12.09765625,11.9654947916667,45.3077398422917
2024-05-28,"1","w",16.3893229166667,15.328125,14.310546875,35.8658884735417
2024-05-28,"10","p",14.5813802083333,13.8958333333333,13.6575520833333,27.994473173125
2024-05-28,"11","c",15.0279947916667,16.484375,15.1223958333333,41.5707191702083
2024-05-28,"12","wp",16.8365885416667,15.55078125,14.2721354166667,40.640281318125
2024-05-28,"13","wp",16.6927083333333,15.8704427083333,15.009765625,27.9972214760417
2024-05-28,"14","c",15.0670572916667,15.71875,15.0807291666667,37.6318983764583
2024-05-28,"15","p",15.0735677083333,18.0813802083333,17.578125,38.1816119577083
2024-05-28,"16","w",16.720703125,16.2102864583333,15.1432291666667,43.385905145
2024-05-28,"2","c",15.326171875,15.759765625,14.8919270833333,41.7317952033333
2024-05-28,"3","p",14.6673177083333,14.841796875,14.4153645833333,42.1698365935417
2024-05-28,"4","wp",16.443359375,15.345703125,14.2174479166667,34.1971977714583
2024-05-28,"5","wp",16.5123697916667,15.1920572916667,14.4348958333333,37.2535616145833
2024-05-28,"6","p",14.837890625,14.4921875,14.1217447916667,40.9594408652083
2024-05-28,"7","c",14.6087239583333,15.3880208333333,14.9186197916667,42.520272949375
2024-05-28,"8","w",16.1888020833333,15.01171875,14.3020833333333,40.954308760625
2024-05-28,"9","w",16.46484375,14.7591145833333,14.2265625,45.863859215
2024-06-21,"1","w",17.1321614583333,16.3743489583333,16.251953125,26.622298406875
2024-06-21,"10","p",15.966796875,15.8307291666667,15.8899739583333,21.22611307
2024-06-21,"11","c",16.8125,17.630859375,17.0377604166667,38.9987407647917
2024-06-21,"12","wp",18.158203125,16.4700520833333,16.1686197916667,34.2368322470833
2024-06-21,"13","wp",17.53125,17.2174479166667,17.2337239583333,20.1759736677083
2024-06-21,"14","c",16.7552083333333,17.2994791666667,17.0716145833333,30.130370863125
2024-06-21,"15","p",17.0384114583333,18.09375,18.3932291666667,33.6390961929167
2024-06-21,"16","w",17.7962239583333,16.677734375,16.91015625,41.4774135922917
2024-06-21,"2","c",17.1080729166667,17.7233072916667,17.4108072916667,28.147295711875
2024-06-21,"3","p",16.439453125,17.2649739583333,16.8216145833333,32.10408974875
2024-06-21,"4","wp",17.267578125,16.83203125,16.4361979166667,26.5105650072917
2024-06-21,"5","wp",18.0572916666667,16.70703125,16.3860677083333,30.23600052875
2024-06-21,"6","p",16.5891927083333,16.2252604166667,16.2298177083333,36.1025417722917
2024-06-21,"7","c",16.6451822916667,16.9791666666667,16.7884114583333,37.3005669008333
2024-06-21,"8","w",17.6705729166667,16.732421875,16.2740885416667,40.5751257910417
2024-06-21,"9","w",17.5546875,16.4908854166667,16.087890625,30.8677395833333
2024-07-15,"1","w",19.76171875,19.4518229166667,18.8079427083333,23.4009932595833
2024-07-15,"10","p",18.2591145833333,19.138671875,18.8463541666667,8.512729836875
2024-07-15,"11","c",18.35546875,19.5735677083333,19.2174479166667,24.2709271883333
2024-07-15,"12","wp",19.6360677083333,19.7955729166667,19.01171875,22.6936966783333
2024-07-15,"13","wp",19.525390625,20.216796875,20.31640625,12.4085353229167
2024-07-15,"14","c",18.6139322916667,19.8977864583333,19.4583333333333,19.9919495602083
2024-07-15,"15","p",18.6803385416667,20.2662760416667,21.0598958333333,17.78724663875
2024-07-15,"16","w",19.4583333333333,19.1614583333333,19.2845052083333,31.6110271933333
2024-07-15,"2","c",18.9231770833333,20.880859375,20.30078125,18.904402679375
2024-07-15,"3","p",18.5299479166667,19.1634114583333,19.23046875,16.605179895625
2024-07-15,"4","wp",19.4342447916667,20.4322916666667,19.7649739583333,13.6342254166667
2024-07-15,"5","wp",19.1673177083333,18.9322916666667,18.529296875,16.4589645891667
2024-07-15,"6","p",18.6979166666667,19.8313802083333,19.4817708333333,18.648634719375
2024-07-15,"7","c",18.326171875,18.7565104166667,18.7194010416667,22.6914688158333
2024-07-15,"8","w",19.267578125,18.76953125,18.478515625,24.2968463535417
2024-07-15,"9","w",19.5462239583333,18.9205729166667,18.3990885416667,22.3442519633333
2024-08-19,"1","w",20.77734375,19.8704427083333,19.6276041666667,20.11280662625
2024-08-19,"10","p",17.7096354166667,18.9778645833333,19.5520833333333,4.41174110395833
2024-08-19,"11","c",17.8860677083333,20.20703125,19.724609375,19.5570956708333
2024-08-19,"12","wp",19.8997395833333,20.7701822916667,19.63671875,20.0383131570833
2024-08-19,"13","wp",20.5559895833333,21.8782552083333,21.9036458333333,7.46717518895833
2024-08-19,"14","c",17.9615885416667,19.1516927083333,19.41796875,14.537275558125
2024-08-19,"15","p",18.287109375,21.1809895833333,22.4446614583333,11.84528668125
2024-08-19,"16","w",20.2467447916667,19.6028645833333,19.5227864583333,22.293542576875
2024-08-19,"2","c",18.5618489583333,21.1477864583333,20.8372395833333,16.1994342441667
2024-08-19,"3","p",18.0013020833333,19.875,20.2018229166667,14.3987817760417
2024-08-19,"4","wp",21.0859375,22.8645833333333,21.7018229166667,9.10503357541667
2024-08-19,"5","wp",20.21875,21.2317708333333,19.8177083333333,10.0811271745833
2024-08-19,"6","p",18.18359375,20.4733072916667,20.2877604166667,11.8535442322917
2024-08-19,"7","c",18.0149739583333,19.7669270833333,19.3515625,15.756746548125
2024-08-19,"8","w",20.0748697916667,19.9544270833333,19.5084635416667,18.5731769939583
2024-08-19,"9","w",20.0598958333333,20.2434895833333,19.4518229166667,18.771637579375
2024-10-21,"1","w",15.5807291666667,15.0260416666667,15.255859375,43.9411719958333
2024-10-21,"10","p",14.4420572916667,12.9674479166667,13.8919270833333,29.7468320904167
2024-10-21,"11","c",14.9602864583333,14.5026041666667,14.8515625,45.6697402435417
2024-10-21,"12","wp",15.1770833333333,14.5813802083333,14.564453125,45.457457215
2024-10-21,"13","wp",15.5677083333333,14.7180989583333,15.013671875,42.7454620727083
2024-10-21,"14","c",14.8958333333333,13.96875,14.5911458333333,41.2833623241667
2024-10-21,"15","p",14.7395833333333,14.3111979166667,14.9348958333333,40.9076153516667
2024-10-21,"16","w",15.43359375,14.1393229166667,14.6595052083333,46.21831898375
2024-10-21,"2","c",15.1842447916667,14.7845052083333,15.1829427083333,43.2450171141667
2024-10-21,"3","p",14.5455729166667,13.5533854166667,14.6809895833333,38.75316119375
2024-10-21,"4","wp",15.1686197916667,15.3567708333333,15.4596354166667,33.7692940225
2024-10-21,"5","wp",15.4622395833333,15.0403645833333,15.0553385416667,31.319851609375
2024-10-21,"6","p",14.6015625,13.4537760416667,14.39453125,39.3088614541667
2024-10-21,"7","c",14.9928385416667,14.6380208333333,14.962890625,36.5963628504167
2024-10-21,"8","w",14.4466145833333,14.177734375,14.6595052083333,39.2364242310417
2024-10-21,"9","w",15.9798177083333,14.900390625,14.8873697916667,39.6117376685417
