"","marker","date","date_label_noyear","year","sampling","plot","treatment","nASV","observed_features","chao1","dominance","goods_coverage","pielou_e","shannon","simpson","aerobic_ammonia_oxidation","aerobic_chemoheterotrophy","aliphatic_non_methane_hydrocarbon_degradation","animal_parasites_or_symbionts","aromatic_compound_degradation","aromatic_hydrocarbon_degradation","cellulolysis","chemoheterotrophy","chitinolysis","denitrification","fermentation","human_pathogens_all","hydrocarbon_degradation","iron_respiration","nitrate_denitrification","nitrate_reduction","nitrate_respiration","nitrification","nitrite_denitrification","nitrite_respiration","nitrogen_respiration","nitrous_oxide_denitrification","Others","predatory_or_exoparasitic","respiration_of_sulfur_compounds","sulfur_respiration","ureolysis","xylanolysis"
"1","16S",2023-05-04,"May 04",2023,1,1,"w",1787,1787,1838.14,0.003,0.995,0.889,9.606,0.997,0.0443718147574,0.125083093286,0.000553955240417,0.00504099268779,0.0143751384888,0.000553955240417,0.000692444050521,0.128462220253,0.000249279858187,0.000553955240417,0.00432085087525,0.000249279858187,0.000553955240417,0.000304675382229,0.000553955240417,0.0276977620208,0.000553955240417,0.0443718147574,0.000553955240417,0.000553955240417,0.000553955240417,0.000553955240417,0.595834256592,0.00210502991358,0.000138488810104,0.000138488810104,0.000415466430312,0.000498559716375
"2","16S",2023-05-04,"May 04",2023,1,2,"c",1677,1677,1734.12,0.003,0.996,0.887,9.502,0.997,0.0555357289922,0.129244790952,0.00115299091333,0.00315699892937,0.00969061410492,0.00115299091333,0.000384330304445,0.132758668021,0.000356878139841,0.000356878139841,0.00266285996651,0.000164712987619,0.00115299091333,0.000137260823016,0.000356878139841,0.0254481565871,0.000494138962857,0.0555357289922,0.000356878139841,0.000356878139841,0.000494138962857,0.000356878139841,0.574601257309,0.00216872100365,0.000137260823016,0.000137260823016,0.000905921431905,0.000219617316825
"3","16S",2023-05-04,"May 04",2023,1,3,"p",1994,1994,2113.366,0.003,0.992,0.886,9.709,0.997,0.0547761068638,0.120669859139,0.000672099470722,0.00280041446134,0.0150102215128,0.000672099470722,0.000588087036881,0.123666302613,0.000364053879974,0.000364053879974,0.00285642275057,0.000140020723067,0.000672099470722,5.60082892268e-05,0.000364053879974,0.0148141925005,0.000560082892268,0.0547761068638,0.000364053879974,0.000420062169201,0.000560082892268,0.000364053879974,0.600016802487,0.00302444761825,NA,NA,0.000448066313814,0.000672099470722
"4","16S",2023-05-04,"May 04",2023,1,4,"wp",1784,1784,1836.045,0.003,0.995,0.889,9.601,0.997,0.0608067429259,0.124787915276,0.000820973126813,0.00207979858793,0.0169120464123,0.000820973126813,0.000930436210388,0.128044442012,0.000355755021619,0.0004378523343,0.00407749986317,0.000109463083575,0.000820973126813,0.000410486563406,0.0004378523343,0.0170215094959,0.00065677850145,0.0608067429259,0.0004378523343,0.000519949646982,0.00065677850145,0.0004378523343,0.572355098243,0.00276394286027,0.000191560396256,0.000191560396256,0.000328389250725,0.00065677850145
"5","16S",2023-05-04,"May 04",2023,1,5,"wp",1847,1847,1905.508,0.003,0.995,0.893,9.693,0.997,0.0357663415181,0.130535934522,0.000448480771387,0.00193407332661,0.0182195313376,0.000448480771387,0.000953021639197,0.133198789102,0.000224240385693,NA,0.00333557573719,8.4090144635e-05,0.000448480771387,0.000224240385693,NA,0.0222558582801,0.000140150241058,0.0357663415181,NA,NA,0.000140150241058,NA,0.610354299809,0.00367193631573,0.000224240385693,0.000224240385693,0.000364390626752,0.00103711178383
"6","16S",2023-05-04,"May 04",2023,1,6,"p",1868,1868,1928.249,0.004,0.995,0.883,9.597,0.996,0.0777709394058,0.104599115985,0.000867229899849,0.00419627370895,0.0139596038718,0.000867229899849,0.000531528003133,0.10770435853,8.39254741789e-05,0.000363677054775,0.00293739159626,8.39254741789e-05,0.000867229899849,0.000615453477312,0.000363677054775,0.00892407542103,0.000447602528954,0.0777709394058,0.000363677054775,0.000363677054775,0.000447602528954,0.000363677054775,0.590527611481,0.00268561517373,0.000475577687014,0.000475577687014,0.000531528003133,0.000251776422537
"7","16S",2023-05-04,"May 04",2023,1,7,"c",1766,1766,1807.469,0.006,0.995,0.862,9.293,0.994,0.10608873985,0.0886567081451,0.000665133165202,0.00823102291938,0.0110301249896,0.000665133165202,0.000443422110135,0.0918160906798,0.000360280464485,0.000110855527534,0.00279910207023,5.54277637669e-05,0.000665133165202,0.000166283291301,0.000110855527534,0.0106421306432,0.000110855527534,0.10608873985,0.000110855527534,0.000110855527534,0.000110855527534,0.000110855527534,0.567885153673,0.00221711055067,0.000166283291301,0.000166283291301,2.77138818834e-05,NA
"8","16S",2023-05-04,"May 04",2023,1,8,"w",1881,1881,1924.673,0.004,0.995,0.882,9.591,0.996,0.0767747241839,0.0988683740322,0.000538869508494,0.00575739527497,0.00986982047137,0.000538869508494,5.67231061573e-05,0.102583737485,0.000226892424629,0.000113446212315,0.00275107064863,0.000255253977708,0.000538869508494,0.000822485039281,0.000113446212315,0.0112311750191,0.000198530871551,0.0767747241839,0.000113446212315,0.000113446212315,0.000198530871551,0.000113446212315,0.605235542698,0.00368700190022,0.000680677273888,0.000680677273888,0.000595592614652,8.50846592359e-05
"9","16S",2023-05-04,"May 04",2023,1,9,"w",1927,1927,1985.219,0.005,0.994,0.869,9.485,0.995,0.103221692359,0.0894421647998,0.000526782743706,0.00995342131529,0.00931573694133,0.000526782743706,0.000277254075635,0.092159254741,0.000221803260508,0.000388155705889,0.00246756127315,0.000166352445381,0.000526782743706,0.000693135189087,0.000388155705889,0.0117555728069,0.000471331928579,0.103221692359,0.000388155705889,0.000388155705889,0.000471331928579,0.000388155705889,0.567206387934,0.00374293002107,0.000526782743706,0.000526782743706,0.000360430298325,5.5450815127e-05
"10","16S",2023-05-04,"May 04",2023,1,10,"p",1893,1893,1959.597,0.005,0.994,0.875,9.523,0.995,0.0708174904943,0.106352046522,0.0012860657571,0.00556363229703,0.0148177141579,0.0012860657571,0.00041936926862,0.111188772087,0.000363453366137,0.000335495414896,0.00416573473496,0.000195705658689,0.0012860657571,0.00131402370834,0.000335495414896,0.00905837620219,0.000531201073585,0.0708174904943,0.000335495414896,0.000335495414896,0.000531201073585,0.000335495414896,0.591338626705,0.0037184075151,0.00100648624469,0.00100648624469,0.00041936926862,0.000251621561172
"11","16S",2023-05-04,"May 04",2023,1,11,"c",1876,1876,1934.339,0.004,0.995,0.876,9.53,0.996,0.0897898064445,0.0970828018413,0.000305030225722,0.00757029560202,0.0105651378182,0.000305030225722,0.000665520492485,0.0996894237702,0.000332760246243,0.000305030225722,0.00238478176474,0.000305030225722,0.000332760246243,0.000471410348844,0.000305030225722,0.0167766624147,0.000305030225722,0.0897898064445,0.000305030225722,0.000305030225722,0.000305030225722,0.000305030225722,0.577033997005,0.00255116188786,0.000360490266763,0.000360490266763,0.000471410348844,0.000221840164162
"12","16S",2023-05-04,"May 04",2023,1,12,"wp",1779,1779,1827.196,0.007,0.995,0.856,9.238,0.993,0.126457063416,0.0931985883863,0.000374291519624,0.00494599508074,0.0102930167896,0.000374291519624,0.000267351085445,0.0961929205433,0.000240615976901,0.000160410651267,0.00267351085445,0.000133675542723,0.000374291519624,0.000614907496524,0.000160410651267,0.0136081702492,0.000160410651267,0.126457063416,0.000160410651267,0.000160410651267,0.000160410651267,0.000160410651267,0.518260079136,0.00248636509464,0.000427761736713,0.000401026628168,0.000320821302534,0.000133675542723
"13","16S",2023-05-04,"May 04",2023,1,13,"wp",1906,1906,1956.129,0.004,0.995,0.875,9.532,0.996,0.10059809257,0.104262083086,0.000889056522442,0.0072202166065,0.00929468182553,0.000889056522442,0.000592704348295,0.107252545935,0.000350234387629,0.000134705533703,0.00282881620777,8.0823320222e-05,0.000889056522442,0.000350234387629,0.000134705533703,0.0219570019936,0.000188587747185,0.10059809257,0.000134705533703,0.000134705533703,0.000188587747185,0.000134705533703,0.536262729673,0.0030443450617,0.000296352174147,0.000242469960666,0.000161646640444,0.000484939921332
"14","16S",2023-05-04,"May 04",2023,1,14,"c",1863,1863,1954.505,0.004,0.993,0.881,9.569,0.996,0.0742776251145,0.109057096067,0.000305326560635,0.0078829766564,0.00949288033975,0.000305326560635,0.000360840480751,0.111360923752,0.000166541760346,0.000194298720404,0.00230382768479,0.000111027840231,0.000305326560635,8.32708801732e-05,0.000194298720404,0.0235934160491,0.000194298720404,0.0742776251145,0.000194298720404,0.000194298720404,0.000194298720404,0.000194298720404,0.581369528409,0.00247036944514,8.32708801732e-05,8.32708801732e-05,0.000305326560635,0.000360840480751
"15","16S",2023-05-04,"May 04",2023,1,15,"p",1909,1909,1964.619,0.004,0.994,0.879,9.576,0.996,0.0724340096723,0.116148380299,0.000351227946938,0.00624105044174,0.00948315456731,0.000351227946938,0.000675438359495,0.118904168806,0.000540350687596,0.000162105206279,0.00286385864426,8.10526031394e-05,0.000351227946938,0.000297192878178,0.000162105206279,0.036987004566,0.000216140275038,0.0724340096723,0.000162105206279,0.000216140275038,0.000216140275038,0.000162105206279,0.556128927674,0.0029449112474,0.000243157809418,0.000243157809418,0.000189122740659,0.000405263015697
"16","16S",2023-05-04,"May 04",2023,1,16,"w",1806,1806,1860.006,0.003,0.995,0.89,9.63,0.997,0.0482690296659,0.137129176069,0.00145852826243,0.00176124167538,0.0202267598657,0.00145852826243,0.000577907424734,0.142275304089,0.000550388023557,0.000110077604711,0.00352248335076,0.000220155209423,0.00145852826243,0.000577907424734,0.000110077604711,0.0106500082558,0.000302713412956,0.0482690296659,0.000110077604711,0.000110077604711,0.000302713412956,0.000110077604711,0.573779514558,0.00432054598492,0.000440310418845,0.000440310418845,0.000412791017667,0.000770543232979
"17","16S",2023-06-14,"Jun 14",2023,2,1,"w",1702,1702,1761.571,0.006,0.995,0.878,9.418,0.994,0.0278556412053,0.122226115394,0.00055477692128,0.00113875262789,0.0141906096706,0.00055477692128,0.000379584209297,0.126547535623,0.000175192711983,0.000321186638636,0.00385423966363,0.000379584209297,0.00055477692128,0.000437981779958,0.000321186638636,0.00683251576734,0.000321186638636,0.0278556412053,0.000321186638636,0.000321186638636,0.000321186638636,0.000321186638636,0.656125905162,0.00607334734875,0.000350385423966,0.000350385423966,0.000583975706611,0.000467180565288
"18","16S",2023-06-14,"Jun 14",2023,2,2,"c",1921,1921,1972.004,0.006,0.995,0.869,9.479,0.994,0.0455650558636,0.13920834813,0.00101073565165,0.00295025541563,0.0171825060781,0.00101073565165,0.00120195591007,0.144371295107,0.000491709235938,0.000218537438195,0.00513562979758,0.000191220258421,0.00101073565165,0.00043707487639,0.000218537438195,0.0187942196848,0.000355123337067,0.0455650558636,0.000218537438195,0.000218537438195,0.000355123337067,0.000218537438195,0.567541726992,0.00401562542683,0.000327806157292,0.000327806157292,0.000764881033682,0.000245854617969
"19","16S",2023-06-14,"Jun 14",2023,2,3,"p",1911,1911,1971.278,0.004,0.994,0.881,9.601,0.996,0.0771176437525,0.100134899668,0.000505873756394,0.0121409701534,0.0105390365915,0.000505873756394,0.000252936878197,0.102692372548,0.000196728683042,0.000196728683042,0.001995390928,0.000337249170929,0.000505873756394,0.000337249170929,0.000196728683042,0.017227811815,0.000196728683042,0.0771176437525,0.000196728683042,0.000196728683042,0.000196728683042,0.000196728683042,0.591563149907,0.00320386712383,0.000337249170929,0.000337249170929,0.000899331122478,0.000477769658816
"20","16S",2023-06-14,"Jun 14",2023,2,4,"wp",1809,1809,1868.5,0.006,0.995,0.869,9.399,0.994,0.0695657009398,0.108852805427,0.000556080742924,0.00339209253184,0.0111772229328,0.000556080742924,0.000667296891509,0.113190235222,0.000500472668631,0.000389256520047,0.00430962575766,0.000333648445754,0.000556080742924,0.00113996552299,0.000389256520047,0.0171550909192,0.000444864594339,0.0695657009398,0.000389256520047,0.000389256520047,0.000444864594339,0.000389256520047,0.588750486571,0.00358672079186,0.00102874937441,0.00102874937441,0.000750709002947,0.000361452482901
"21","16S",2023-06-14,"Jun 14",2023,2,5,"wp",1840,1840,1895.031,0.004,0.995,0.881,9.556,0.996,0.0729295774648,0.0981690140845,0.000338028169014,0.0101690140845,0.00797183098592,0.000338028169014,0.000760563380282,0.101126760563,0.000422535211268,0.000225352112676,0.00239436619718,0.000225352112676,0.000338028169014,0.00030985915493,0.000225352112676,0.0242253521127,0.000225352112676,0.0729295774648,0.000225352112676,0.000225352112676,0.000225352112676,0.000225352112676,0.601070422535,0.00298591549296,0.000253521126761,0.000253521126761,0.000929577464789,5.6338028169e-05
"22","16S",2023-06-14,"Jun 14",2023,2,6,"p",2081,2081,2128.095,0.005,0.994,0.867,9.562,0.995,0.0917952883834,0.0880136698507,0.000644275750021,0.00495812207625,0.0089358245329,0.000644275750021,0.000588251771758,0.09190733634,8.4035967394e-05,0.000196083923919,0.00352951063055,0.000448191826102,0.000644275750021,0.00148463542396,0.000196083923919,0.0135578027396,0.000504215804364,0.0917952883834,0.000196083923919,0.000196083923919,0.000504215804364,0.000196083923919,0.592229474215,0.00288523488053,0.00117650354352,0.00117650354352,0.00103644359786,0.000168071934788
"23","16S",2023-06-14,"Jun 14",2023,2,7,"c",1797,1797,1838.589,0.006,0.995,0.863,9.334,0.994,0.0851241509854,0.10040641354,0.000640240507739,0.00489923171139,0.00782206881194,0.000640240507739,0.000222692350518,0.103830308429,0.000194855806703,0.000139182719074,0.00295067364436,0.000306201981962,0.000640240507739,0.000723750139183,0.000139182719074,0.0173421667966,0.000194855806703,0.0851241509854,0.000139182719074,0.000139182719074,0.000194855806703,0.000139182719074,0.581533236833,0.00437033737891,0.000668077051553,0.000668077051553,0.000417548157221,0.000139182719074
"24","16S",2023-06-14,"Jun 14",2023,2,8,"w",1798,1798,1858.799,0.009,0.994,0.837,9.051,0.991,0.135430038511,0.08675652546,0.000775566966196,0.00288831835687,0.00829054343175,0.000775566966196,0.000267436884895,0.0910355156183,0.000267436884895,0.000160462130937,0.00336970474968,0.000106974753958,0.000775566966196,0.00120346598203,0.000160462130937,0.0094405220368,0.000160462130937,0.135430038511,0.000160462130937,0.000160462130937,0.000160462130937,0.000160462130937,0.515377620881,0.00390457851947,0.000962772785623,0.000962772785623,0.000347667950364,8.02310654685e-05
"25","16S",2023-06-14,"Jun 14",2023,2,9,"w",1839,1839,1903.514,0.004,0.994,0.88,9.547,0.996,0.079465301479,0.0922070534699,0.000853242320819,0.00580204778157,0.00932878270762,0.000853242320819,0.000341296928328,0.0956769055745,0.000255972696246,0.000312855517634,0.00295790671217,8.53242320819e-05,0.000853242320819,0.000881683731513,0.000312855517634,0.0109783845279,0.000455062571104,0.079465301479,0.000312855517634,0.000398179749716,0.000455062571104,0.000312855517634,0.61188850967,0.00341296928328,0.000597269624573,0.000568828213879,0.000255972696246,0.000199089874858
"26","16S",2023-06-14,"Jun 14",2023,2,10,"p",1849,1849,1905.479,0.005,0.995,0.872,9.465,0.995,0.0644332806503,0.107247685708,0.000508015353353,0.00310453827049,0.0136881914653,0.000508015353353,0.000254007676676,0.111960939264,0.000479792278167,0.00045156920298,0.00482614585685,0.000310453827049,0.000508015353353,0.00127003838338,0.00045156920298,0.0092571686611,0.000536238428539,0.0644332806503,0.00045156920298,0.00045156920298,0.000536238428539,0.00045156920298,0.606316324227,0.00378189207496,0.00107247685708,0.00107247685708,0.00118536915782,0.000169338451118
"27","16S",2023-06-14,"Jun 14",2023,2,11,"c",1802,1802,1848.567,0.006,0.995,0.866,9.362,0.994,0.10752807431,0.0863995563566,0.00041591570775,0.00612782476085,0.0076528490226,0.00041591570775,0.0004990988493,0.0889505060308,0.00030500485235,0.00013863856925,0.00202412311105,0.0003881879939,0.00041591570775,0.001109108554,0.00013863856925,0.0119229169555,0.00019409399695,0.10752807431,0.00013863856925,0.00019409399695,0.00019409399695,0.00013863856925,0.570081796756,0.00341050880355,0.00063773741855,0.00063773741855,0.00047137113545,0.00047137113545
"28","16S",2023-06-14,"Jun 14",2023,2,12,"wp",1815,1815,1867.88,0.005,0.995,0.871,9.433,0.995,0.0850383631714,0.0976036917603,0.000583787390192,0.00619926609585,0.00970199043701,0.000583787390192,0.000528188591126,0.100689425108,8.33981985989e-05,0.000389191593462,0.00297453575003,0.000389191593462,0.000583787390192,0.00108417658179,0.000389191593462,0.016902034916,0.00047258979206,0.0850383631714,0.000389191593462,0.000389191593462,0.00047258979206,0.000389191593462,0.5833148004,0.00308573334816,0.000778383186923,0.000778383186923,0.000639386189258,0.00027799399533
"29","16S",2023-06-14,"Jun 14",2023,2,13,"wp",1899,1899,1958.142,0.004,0.994,0.874,9.519,0.996,0.0909678984394,0.111290800787,0.00048516212501,0.00514810921539,0.00954152179187,0.00048516212501,0.000404301770842,0.114417401148,0.000458208673621,NA,0.002560577882,0.000107813805558,0.00048516212501,0.0005121155764,NA,0.0261178943964,2.69534513895e-05,0.0909678984394,NA,2.69534513895e-05,2.69534513895e-05,NA,0.541198350449,0.00274925204172,0.000350394868063,0.000350394868063,0.000458208673621,0.00048516212501
"30","16S",2023-06-14,"Jun 14",2023,2,14,"c",1830,1830,1886.639,0.004,0.995,0.878,9.513,0.996,0.0782959592677,0.117484562886,0.000406239844004,0.00544361390965,0.0133517495396,0.000406239844004,0.00121871953201,0.121086556169,0.000514570469072,0.000731231719207,0.00473946484671,0.000270826562669,0.000406239844004,0.000541653125339,0.000731231719207,0.0165475029791,0.000920810313076,0.0782959592677,0.000731231719207,0.000785397031741,0.000920810313076,0.000731231719207,0.550157079406,0.00324991875203,0.000243743906402,0.000243743906402,0.000433322500271,0.000460405156538
"31","16S",2023-06-14,"Jun 14",2023,2,15,"p",2007,2007,2093.147,0.004,0.993,0.878,9.633,0.996,0.0535422154443,0.125273811174,0.0004436434216,0.00535144877305,0.0145570497712,0.0004436434216,0.0003327325662,0.128767503119,0.0003881879939,0.0003327325662,0.00352141965895,0.0003881879939,0.0004436434216,0.0002218217108,0.0003327325662,0.0199362262581,0.0003881879939,0.0535422154443,0.0003327325662,0.0003327325662,0.0003881879939,0.0003327325662,0.584500207958,0.0038264245113,0.0002218217108,0.0002218217108,0.00119229169555,0.00024954942465
"32","16S",2023-06-14,"Jun 14",2023,2,16,"w",1816,1816,1871.709,0.005,0.995,0.862,9.337,0.995,0.114118854076,0.100833925236,0.00315681477389,0.00462999500171,0.0123641911977,0.00315681477389,0.000499829005866,0.106726646147,0.000341988267172,0.000184147528477,0.00328834872281,0.000184147528477,0.00315681477389,0.000394601846737,0.000184147528477,0.018861968274,0.000184147528477,0.114118854076,0.000184147528477,0.000184147528477,0.000184147528477,0.000184147528477,0.508220871807,0.00305158761476,0.000394601846737,0.000394601846737,0.000236761108042,0.000447215426302
"33","16S",2023-07-11,"Jul 11",2023,3,1,"w",2040,2040,2097.224,0.002,0.994,0.898,9.874,0.998,0.0349040139616,0.133355494612,0.00135737832073,0.00357350619131,0.0185877725145,0.00135737832073,0.00163439430455,0.139228233469,0.000332419180587,0.000637136762791,0.00756253635835,0.000609435164409,0.00135737832073,0.000443225574116,0.000637136762791,0.0151250727167,0.000775644754702,0.0349040139616,0.000637136762791,0.000637136762791,0.000775644754702,0.000637136762791,0.594559406078,0.00382282057675,0.000387822377351,0.000387822377351,0.000720241557938,0.000831047951467
"34","16S",2023-07-11,"Jul 11",2023,3,2,"c",1945,1945,1993.114,0.003,0.995,0.894,9.772,0.997,0.0373246561483,0.136173470783,0.000929698394903,0.00371879357961,0.017965054278,0.000929698394903,0.00114845095841,0.145415766591,0.00109376281753,0.000519537338328,0.00981652128736,0.00049219326789,0.000929698394903,0.000683601760958,0.000519537338328,0.0203166443357,0.00065625769052,0.0373246561483,0.000519537338328,0.000519537338328,0.00065625769052,0.000519537338328,0.575100489459,0.00300784774822,0.000410161056575,0.000410161056575,0.00175002050805,0.000464849197452
"35","16S",2023-07-11,"Jul 11",2023,3,3,"p",1923,1923,1966.829,0.003,0.995,0.881,9.614,0.997,0.0760922226339,0.0905981931659,0.000484482316395,0.0145344694919,0.00840719313745,0.000484482316395,0.000341987517456,0.0926786172305,0.000370486477244,0.00042748439682,0.00190943030579,0.00014249479894,0.000484482316395,0.000170993758728,0.00042748439682,0.0183818290632,0.000484482316395,0.0760922226339,0.00042748439682,0.00042748439682,0.000484482316395,0.00042748439682,0.612100658326,0.00250790846134,0.000113995839152,0.000113995839152,0.000484482316395,0.000341987517456
"36","16S",2023-07-11,"Jul 11",2023,3,4,"wp",1887,1887,1934.466,0.004,0.995,0.872,9.491,0.996,0.0830263840004,0.108482715342,0.000354697006903,0.00343783252844,0.0105863414368,0.000354697006903,0.000163706310878,0.111456713323,0.000218275081171,0.000463834547488,0.00291942921066,0.000327412621757,0.000354697006903,0.00100952225042,0.000463834547488,0.0208452702518,0.000818531554391,0.0830263840004,0.000463834547488,0.000572972088074,0.000818531554391,0.000463834547488,0.563422553273,0.00253744781861,0.000736678398952,0.000736678398952,0.000763962784099,0.000136421925732
"37","16S",2023-07-11,"Jul 11",2023,3,5,"wp",1781,1781,1828.812,0.005,0.995,0.87,9.395,0.995,0.087184309511,0.111794734014,0.000671681891456,0.00421816227834,0.0116066630844,0.000671681891456,0.000483610961848,0.115609887157,0.000349274583557,0.000322407307899,0.00325094035465,0.00045674368619,0.000671681891456,0.000429876410532,0.000322407307899,0.024368619022,0.000591080064481,0.087184309511,0.000322407307899,0.000429876410532,0.000591080064481,0.000322407307899,0.542584631918,0.00279419666846,0.000188070929608,0.000188070929608,0.000591080064481,0.000564212788823
"38","16S",2023-07-11,"Jul 11",2023,3,6,"p",1796,1796,1855.293,0.004,0.995,0.87,9.406,0.996,0.0719154188805,0.142489132185,0.000912359791767,0.00214672892181,0.00874792035636,0.000912359791767,0.000161004669135,0.145548220898,0.000322009338271,0.000214672892181,0.00236140181399,0.000590350453496,0.000912359791767,0.000590350453496,0.000214672892181,0.0133633875382,0.000617184565019,0.0719154188805,0.000214672892181,0.000348843449793,0.000617184565019,0.000214672892181,0.529517522675,0.00241507003703,0.000348843449793,0.000348843449793,0.000644018676542,0.000348843449793
"39","16S",2023-07-11,"Jul 11",2023,3,7,"c",1800,1800,1843,0.003,0.995,0.887,9.596,0.997,0.0631813188361,0.11067293879,0.000985887721473,0.0020844483254,0.0109574378187,0.000985887721473,0.000309850426749,0.114898171882,0.000281682206135,0.000366186867976,0.00346469113546,5.6336441227e-05,0.000985887721473,0.000535196191657,0.000366186867976,0.0138869327625,0.000450691529816,0.0631813188361,0.000366186867976,0.000450691529816,0.000450691529816,0.000366186867976,0.604771696572,0.00383087800344,0.000394355088589,0.000394355088589,0.000169009323681,0.000619700853497
"40","16S",2023-07-11,"Jul 11",2023,3,8,"w",1865,1865,1931.814,0.004,0.994,0.884,9.609,0.996,0.0456342482774,0.124929402462,0.000960126510787,0.00223088218683,0.0110979329041,0.000960126510787,0.000423585225347,0.129052298656,0.000508302270417,0.000423585225347,0.00319100869762,0.000395346210324,0.000960126510787,0.000734214390602,0.000423585225347,0.0125663616853,0.000960126510787,0.0456342482774,0.000423585225347,0.00045182424037,0.000960126510787,0.000423585225347,0.609708573365,0.0037840280131,0.000593019315486,0.000593019315486,0.000649497345533,0.000480063255394
"41","16S",2023-07-11,"Jul 11",2023,3,9,"w",1857,1857,1903.235,0.003,0.995,0.889,9.658,0.997,0.0671201304177,0.10396874473,0.000618359660464,0.00570577323065,0.0135758052729,0.000618359660464,0.000224858058351,0.107369722862,0.000393501602114,0.000477823373995,0.00306369104503,0.00036539434482,0.000618359660464,0.000618359660464,0.000477823373995,0.016161672944,0.000534037888583,0.0671201304177,0.000477823373995,0.000477823373995,0.000534037888583,0.000477823373995,0.60261959638,0.00435662488054,0.000534037888583,0.000534037888583,0.000702681432346,0.000196750801057
"42","16S",2023-07-11,"Jul 11",2023,3,10,"p",1815,1815,1872.728,0.003,0.995,0.889,9.624,0.997,0.0582740715656,0.112766677955,0.000705497234451,0.00299130827407,0.0126425104414,0.000705497234451,0.000451518230049,0.116802122136,0.000395078451292,0.00028219889378,0.00395078451292,0.000112879557512,0.000705497234451,0.00169319336268,0.00028219889378,0.0118523535388,0.00028219889378,0.0582740715656,0.00028219889378,0.00028219889378,0.00028219889378,0.00028219889378,0.607292019415,0.00406366407044,0.00135455469015,0.00135455469015,0.000733717123829,0.000366858561914
"43","16S",2023-07-11,"Jul 11",2023,3,11,"c",1984,1984,2046.751,0.003,0.994,0.89,9.745,0.997,0.0646315970333,0.098164428281,0.000343632771112,0.0075312849002,0.00999398642651,0.000343632771112,0.000372268835371,0.100999398643,0.000229088514075,0.000314996706853,0.00286360642593,0.000314996706853,0.000343632771112,0.000687265542224,0.000314996706853,0.0153202943787,0.000343632771112,0.0646315970333,0.000314996706853,0.000314996706853,0.000343632771112,0.000314996706853,0.626013000773,0.00280633429741,0.000572721285187,0.000572721285187,0.000515449156668,0.000286360642593
"44","16S",2023-07-11,"Jul 11",2023,3,12,"wp",1784,1784,1818.757,0.005,0.996,0.864,9.332,0.995,0.110977182262,0.0776475864775,0.000168189718002,0.0181364579245,0.00798901160509,0.000168189718002,0.000168189718002,0.0793014520379,0.000336379436004,0.000112126478668,0.00154173908168,0.000252284577003,0.000168189718002,0.000112126478668,0.000112126478668,0.0137354936368,0.000112126478668,0.110977182262,0.000112126478668,0.000112126478668,0.000112126478668,0.000112126478668,0.575713404721,0.000672758872008,5.6063239334e-05,5.6063239334e-05,0.000812916970343,0.000224252957336
"45","16S",2023-07-11,"Jul 11",2023,3,13,"wp",1847,1847,1900.096,0.004,0.995,0.876,9.503,0.996,0.0790093708166,0.125568942436,0.000481927710843,0.00259705488621,0.011593038822,0.000481927710843,0.000803212851406,0.129263721553,0.000508701472557,0.000240963855422,0.00380187416332,0.000428380187416,0.000481927710843,0.000642570281124,0.000240963855422,0.0214190093708,0.000562248995984,0.0790093708166,0.000240963855422,0.000321285140562,0.000562248995984,0.000240963855422,0.535261044177,0.0029718875502,0.000348058902276,0.000348058902276,0.00133868808568,0.000642570281124
"46","16S",2023-07-11,"Jul 11",2023,3,14,"c",1833,1833,1874.827,0.005,0.995,0.87,9.431,0.995,0.0832690612605,0.105498016747,0.000661084178052,0.0039940502424,0.0121749669458,0.000661084178052,0.000605993829881,0.108693256941,0.000385632437197,0.000385632437197,0.00316769501983,0.000302996914941,0.000661084178052,0.000302996914941,0.000385632437197,0.0161414720141,0.000440722785368,0.0832690612605,0.000385632437197,0.000385632437197,0.000440722785368,0.000385632437197,0.572581533715,0.00258924636404,0.000302996914941,0.000302996914941,0.000605993829881,0.000440722785368
"47","16S",2023-07-11,"Jul 11",2023,3,15,"p",1918,1918,1973.449,0.003,0.995,0.895,9.761,0.997,0.0490409224757,0.13094091422,0.000715524121419,0.00506370916696,0.0137875994166,0.000715524121419,0.000770564438451,0.134078212291,0.000357762060709,0.000220161268129,0.00310977791232,0.000632963645871,0.000715524121419,0.000137600792581,0.000220161268129,0.0246030217134,0.000357762060709,0.0490409224757,0.000220161268129,0.000220161268129,0.000357762060709,0.000220161268129,0.580207501995,0.00244929410793,0.000137600792581,0.000137600792581,0.000577923328838,0.000412802377742
"48","16S",2023-07-11,"Jul 11",2023,3,16,"w",2090,2090,2141.232,0.002,0.995,0.896,9.884,0.998,0.0466957640871,0.121593643333,0.000475630910414,0.00892507414247,0.0128420345812,0.000475630910414,0.000671478932348,0.12408371104,0.000419674332718,0.000307761177326,0.0032734597952,0.000139891444239,0.000475630910414,0.000167869733087,0.000307761177326,0.025376307985,0.000531587488109,0.0466957640871,0.000307761177326,0.000307761177326,0.000531587488109,0.000307761177326,0.60030216552,0.00352526439483,0.000167869733087,0.000167869733087,0.000363717755022,0.000335739466174
"49","16S",2023-09-04,"Sep 04",2023,4,1,"w",1861,1861,1918.028,0.003,0.994,0.884,9.606,0.997,0.062360310146,0.113131536106,0.000386302806214,0.00634640324494,0.0102922104798,0.000386302806214,0.000882977842775,0.115090643194,NA,0.000331116691041,0.00292486410419,0.000358709748627,0.000386302806214,8.27791727601e-05,0.000331116691041,0.0317872023399,0.000441488921387,0.062360310146,0.000331116691041,0.000358709748627,0.000441488921387,0.000331116691041,0.586711183466,0.00190392097348,5.51861151734e-05,5.51861151734e-05,0.00113131536106,0.000386302806214
"50","16S",2023-09-04,"Sep 04",2023,4,2,"c",1982,1982,2033.252,0.003,0.994,0.888,9.725,0.997,0.0459624553039,0.157354986095,0.000571116408423,0.00379916567342,0.0173569725864,0.000571116408423,0.0160409217322,0.160210568137,0.000645609853,0.000347636074692,0.0181515693286,0.000571116408423,0.000571116408423,0.000248311481923,0.000347636074692,0.0272397695669,0.00101807707588,0.0459624553039,0.000347636074692,0.000347636074692,0.00101807707588,0.000347636074692,0.481153158522,0.00146503774335,0.000173818037346,0.000173818037346,0.00379916567342,0.0133094954311
"51","16S",2023-09-04,"Sep 04",2023,4,3,"p",1904,1904,1966.697,0.004,0.994,0.881,9.599,0.996,0.0871180842279,0.105339939444,0.000467932837875,0.00853289292596,0.0103220478943,0.000467932837875,0.000522983759978,0.107239196257,0.000467932837875,0.000247729149463,0.0018717313515,0.000247729149463,0.000467932837875,8.25763831544e-05,0.000247729149463,0.0186347371318,0.000302780071566,0.0871180842279,0.000247729149463,0.000247729149463,0.000302780071566,0.000247729149463,0.564106798789,0.00220203688412,8.25763831544e-05,8.25763831544e-05,0.00222956234517,0.000357830993669
"52","16S",2023-09-04,"Sep 04",2023,4,4,"wp",1746,1746,1796.307,0.004,0.995,0.875,9.423,0.996,0.0640997830803,0.126464208243,0.000542299349241,0.00355206073753,0.0152386117137,0.000542299349241,0.00132863340564,0.13034164859,0.000244034707158,0.000650759219089,0.00572125813449,0.000244034707158,0.000542299349241,0.000406724511931,0.000650759219089,0.0188177874187,0.000813449023861,0.0640997830803,0.000650759219089,0.000650759219089,0.000813449023861,0.000650759219089,0.559598698482,0.00122017353579,0.000298264642082,0.000298264642082,0.00103036876356,0.000325379609544
"53","16S",2023-09-04,"Sep 04",2023,4,5,"wp",1864,1864,1914.015,0.003,0.995,0.89,9.67,0.997,0.0516141557577,0.123391391169,0.000388284890171,0.00399378744176,0.0170013312625,0.000388284890171,0.000776569780342,0.126830485911,0.000221877080098,0.000721100510317,0.00407699134679,0.000221877080098,0.000388284890171,5.54692700244e-05,0.000721100510317,0.0178611049479,0.000859773685378,0.0516141557577,0.000721100510317,0.000721100510317,0.000859773685378,0.000721100510317,0.59108054138,0.00282893277124,5.54692700244e-05,5.54692700244e-05,0.000693365875305,0.000526958065232
"54","16S",2023-09-04,"Sep 04",2023,4,6,"p",1805,1805,1845.548,0.004,0.995,0.874,9.459,0.996,0.0883082881065,0.105189952819,0.000545449586822,0.00231816074399,0.0152453159517,0.000545449586822,0.000354542231434,0.109062644885,0.000545449586822,0.000463632148799,0.00395450950446,0.000218179834729,0.000545449586822,0.000381814710775,0.000463632148799,0.0147544113235,0.000627267024845,0.0883082881065,0.000463632148799,0.000518177107481,0.000627267024845,0.000463632148799,0.560231270625,0.00269997545477,0.000327269752093,0.000327269752093,0.00166362123981,0.00024545231407
"55","16S",2023-09-04,"Sep 04",2023,4,7,"c",1772,1772,1809.457,0.003,0.996,0.898,9.686,0.997,0.0192819918935,0.127735958309,0.000868558193399,0.00225825130284,0.0160972785177,0.000868558193399,0.000550086855819,0.131731325999,0.00037637521714,0.00026056745802,0.0036189924725,0.000550086855819,0.000868558193399,0.000752750434279,0.00026056745802,0.0129994209612,0.000434279096699,0.0192819918935,0.00026056745802,0.00026056745802,0.000434279096699,0.00026056745802,0.65257672264,0.00440069484655,0.000607990735379,0.000579038795599,0.00121598147076,0.00037637521714
"56","16S",2023-09-04,"Sep 04",2023,4,8,"w",1879,1879,1922.241,0.004,0.995,0.878,9.544,0.996,0.0791020082154,0.0895709721588,0.00065609310817,0.0119523048836,0.0109539023277,0.00065609310817,8.55773619352e-05,0.0917674577818,0.000285257873117,0.000285257873117,0.00222501141031,0.000228206298494,0.00065609310817,0.000114103149247,0.000285257873117,0.0134926973984,0.000399361022364,0.0791020082154,0.000285257873117,0.000285257873117,0.000399361022364,0.000285257873117,0.614302829758,0.00179712460064,5.70515746235e-05,5.70515746235e-05,0.000370835235052,8.55773619352e-05
"57","16S",2023-09-04,"Sep 04",2023,4,9,"w",1860,1860,1909.479,0.005,0.995,0.87,9.447,0.995,0.11822334746,0.0844845616159,0.000220155209423,0.00776047113215,0.00941163520282,0.000220155209423,0.000302713412956,0.0864384390996,0.000522868622379,0.000220155209423,0.00187131928009,0.000165116407067,0.000220155209423,0.0002476746106,0.000220155209423,0.0104573724476,0.0002476746106,0.11822334746,0.000220155209423,0.000220155209423,0.0002476746106,0.000220155209423,0.555286476966,0.0022290714954,0.000165116407067,0.000165116407067,0.00104573724476,0.000165116407067
"58","16S",2023-09-04,"Sep 04",2023,4,10,"p",1144,1144,1144,0.009,1,0.856,8.698,0.991,0.159993735971,0.0810669729081,0.000130500600303,0.0056898261732,0.00942214334186,0.000130500600303,0.000234901080545,0.0839640862348,0.000339301560787,0.000208800960484,0.00287101320666,0.000287101320666,0.000130500600303,0.000678603121574,0.000208800960484,0.00991804562301,0.000287101320666,0.159993735971,0.000208800960484,0.000208800960484,0.000287101320666,0.000208800960484,0.477501696508,0.00140940648327,0.000678603121574,0.000678603121574,0.00289711332672,0.000182700840424
"59","16S",2023-09-04,"Sep 04",2023,4,11,"c",1721,1721,1766.484,0.008,0.995,0.848,9.116,0.992,0.156835787748,0.0758004388864,0.000132194696349,0.00790524284166,0.00748221981334,0.000132194696349,0.000423023028316,0.0776511646353,0.000264389392698,0.000158633635619,0.00190360362742,0.000396584089046,0.000132194696349,0.000793168178093,0.000158633635619,0.0114216217645,0.000343706210507,0.156835787748,0.000158633635619,0.000185072574888,0.000343706210507,0.000158633635619,0.495835867065,0.00193004256669,0.000634534542474,0.000634534542474,0.000634534542474,0.000237950453428
"60","16S",2023-09-04,"Sep 04",2023,4,12,"wp",1777,1777,1817.005,0.003,0.995,0.883,9.529,0.997,0.0733461962514,0.114746416759,0.000578831312018,0.0053197353914,0.0150771775083,0.000578831312018,0.000468577728776,0.117778390298,0.000551267916207,0.000413450937155,0.00281146637266,0.000303197353914,0.000578831312018,0.000192943770673,0.000413450937155,0.0146085997795,0.000468577728776,0.0733461962514,0.000413450937155,0.000413450937155,0.000468577728776,0.000413450937155,0.570755237045,0.00228776185226,0.000137816979052,0.000137816979052,0.0029217199559,0.000165380374862
"61","16S",2023-09-04,"Sep 04",2023,4,13,"wp",1873,1873,1936.148,0.003,0.994,0.89,9.675,0.997,0.0562566436807,0.126168606394,0.000463354138843,0.00517866390471,0.0154814794625,0.000463354138843,0.000408841887214,0.128594401592,0.000163536754886,0.000327073509771,0.00272561258143,0.000218049006514,0.000463354138843,0.000299817383957,0.000327073509771,0.0292730791245,0.000490610264657,0.0562566436807,0.000327073509771,0.000436098013028,0.000490610264657,0.000327073509771,0.57120662869,0.00207146556189,0.000109024503257,0.000109024503257,0.000490610264657,0.000327073509771
"62","16S",2023-09-04,"Sep 04",2023,4,14,"c",1481,1481,1485.657,0.003,0.999,0.899,9.468,0.997,0.0276785969322,0.135907909395,0.000514153503385,0.00322774143792,0.0161387071896,0.000514153503385,0.00102830700677,0.139621240253,0.000485589419863,0.000114256334086,0.00377045902482,0.00062840983747,0.000514153503385,0.000285640835214,0.000114256334086,0.00871204547402,0.000399897169299,0.0276785969322,0.000114256334086,0.000114256334086,0.000399897169299,0.000114256334086,0.626096146705,0.00234225484875,0.00019994858465,0.00019994858465,0.00211374218058,0.000914050672684
"63","16S",2023-09-04,"Sep 04",2023,4,15,"p",1846,1846,1893.774,0.003,0.995,0.895,9.708,0.997,0.0589335313368,0.126062206089,0.000385006737618,0.00418007315128,0.0149052608421,0.000385006737618,0.000467508181393,0.128977257102,0.000110001925034,0.000357506256359,0.00338255919479,0.000275004812584,0.000385006737618,0.000220003850067,0.000357506256359,0.0202403542062,0.000440007700135,0.0589335313368,0.000357506256359,0.000357506256359,0.000440007700135,0.000357506256359,0.575062563595,0.00167752935676,0.000110001925034,0.000110001925034,0.00165002887551,0.000467508181393
"64","16S",2023-09-04,"Sep 04",2023,4,16,"w",1807,1807,1843.417,0.003,0.996,0.895,9.68,0.997,0.0375960944953,0.136804893104,0.000533078951798,0.00325458728466,0.0205936816116,0.000533078951798,0.000420851804051,0.139049436059,0.000168340721621,0.000112227147747,0.00227259974188,0.000785590034229,0.000533078951798,0.000224454295494,0.000112227147747,0.00996015936255,0.000617249312609,0.0375960944953,0.000112227147747,0.000112227147747,0.000617249312609,0.000112227147747,0.602884237697,0.00283373548061,0.000168340721621,0.000168340721621,0.00109421469053,0.000392795017115
"65","16S",2023-11-13,"Nov 13",2023,5,1,"w",1873,1873,1941.081,0.004,0.994,0.884,9.612,0.996,0.0318941823179,0.132672927164,0.000830279431974,0.00229042601924,0.0161761337609,0.000830279431974,0.000429454878607,0.136079935868,0.00057260650481,0.000229042601924,0.00251946862116,0.00060123683005,0.000830279431974,8.58909757215e-05,0.000229042601924,0.00684264773248,0.000429454878607,0.0318941823179,0.000229042601924,0.000286303252405,0.000429454878607,0.000229042601924,0.626402885937,0.00355016032982,2.86303252405e-05,2.86303252405e-05,0.00257672927164,0.000200412276683
"66","16S",2023-11-13,"Nov 13",2023,5,2,"c",1436,1436,1441.27,0.008,0.999,0.861,9.033,0.992,0.0624756280987,0.118600635062,0.000306389616177,0.00339813937942,0.0106679293633,0.000306389616177,0.000362096819119,0.121135312796,0.000167121608824,0.000167121608824,0.00281321374854,NA,0.000362096819119,0.000306389616177,0.000167121608824,0.0208344939001,0.000389950420589,0.0624756280987,0.000167121608824,0.000278536014707,0.000389950420589,0.000167121608824,0.590078547156,0.00175477689265,0.000111414405883,0.000111414405883,0.00125341206618,NA
"67","16S",2023-11-13,"Nov 13",2023,5,3,"p",2299,2299,2407.5,0.003,0.99,0.877,9.795,0.997,0.0513328681089,0.114668527565,0.000223307745987,0.00650383810188,0.00775994417306,0.000223307745987,0.000251221214236,0.116706210747,0.000279134682484,0.000195394277739,0.00167480809491,0.000195394277739,0.000223307745987,5.58269364969e-05,0.000195394277739,0.0386322400558,0.000279134682484,0.0513328681089,0.000195394277739,0.000195394277739,0.000279134682484,0.000195394277739,0.603684577809,0.00251221214236,5.58269364969e-05,5.58269364969e-05,0.00120027913468,0.000139567341242
"68","16S",2023-11-13,"Nov 13",2023,5,4,"wp",1426,1426,1456.75,0.005,0.997,0.871,9.131,0.995,0.094639995865,0.126143588153,0.000465188401303,0.00310125600868,0.0166950948467,0.000465188401303,0.000232594200651,0.128340311159,0.000258438000724,0.000258438000724,0.00245516100687,0.000516876001447,0.000465188401303,7.75314002171e-05,0.000258438000724,0.0301597146844,0.000335969400941,0.094639995865,0.000258438000724,0.000258438000724,0.000335969400941,0.000258438000724,0.495193053187,0.00139556520391,7.75314002171e-05,7.75314002171e-05,0.00204166020572,NA
"69","16S",2023-11-13,"Nov 13",2023,5,5,"wp",1986,1986,2039.326,0.003,0.994,0.876,9.595,0.997,0.072560721721,0.106370575989,0.000555170020819,0.012879944483,0.0134906315059,0.000555170020819,0.000277585010409,0.108730048577,NA,0.000249826509368,0.00233171408744,0.000138792505205,0.000555170020819,5.55170020819e-05,0.000249826509368,0.0232893823734,0.000277585010409,0.072560721721,0.000249826509368,0.000249826509368,0.000277585010409,0.000249826509368,0.580374739764,0.00158223455933,5.55170020819e-05,5.55170020819e-05,0.00163775156142,8.32755031228e-05
"70","16S",2023-11-13,"Nov 13",2023,5,6,"p",1702,1702,1736.391,0.004,0.996,0.878,9.42,0.996,0.0839869642068,0.102076889085,0.000386654882899,0.00439129474149,0.0149690676094,0.000386654882899,0.000220945647371,0.104369200177,0.000276182059213,0.000635218736191,0.002458020327,0.000248563853292,0.000386654882899,8.2854617764e-05,0.000635218736191,0.0153833406982,0.000718073353955,0.0839869642068,0.000635218736191,0.000635218736191,0.000718073353955,0.000635218736191,0.576640521432,0.00226469288555,2.76182059213e-05,2.76182059213e-05,0.00212660185594,NA
"71","16S",2023-11-13,"Nov 13",2023,5,7,"c",1946,1946,2003.004,0.004,0.994,0.874,9.55,0.996,0.0915184831996,0.0882649913053,0.000196331407416,0.0149211869636,0.00880686598979,0.000196331407416,0.000448757502664,0.0899197845964,0.000448757502664,0.000336568126998,0.00176698266674,0.000224378751332,0.000196331407416,0.000280473439165,0.000336568126998,0.0178381107309,0.000420710158748,0.0915184831996,0.000336568126998,0.000420710158748,0.000420710158748,0.000336568126998,0.58672238739,0.00182307735457,0.000112189375666,0.000112189375666,0.000869467661412,0.000140236719583
"72","16S",2023-11-13,"Nov 13",2023,5,8,"w",1788,1788,1833.571,0.005,0.995,0.87,9.405,0.995,0.0849605374553,0.111123248764,0.000901220744463,0.00426031624655,0.0123986126662,0.000901220744463,0.000409645792938,0.114564273425,0.000518884671054,0.000409645792938,0.00278559139198,0.000273097195292,0.000901220744463,0.000300406914821,0.000409645792938,0.0149384165825,0.000409645792938,0.0849605374553,0.000409645792938,0.000409645792938,0.000409645792938,0.000409645792938,0.555616243821,0.00169320261081,0.000300406914821,0.000300406914821,0.00404183849032,0.000191168036704
"73","16S",2023-11-13,"Nov 13",2023,5,9,"w",1790,1790,1840.618,0.005,0.995,0.866,9.354,0.995,0.10633446874,0.0927645313702,0.000302164597297,0.00601582243709,0.0115097242061,0.000302164597297,0.000329634106142,0.0954016042193,8.24085265355e-05,0.000274695088452,0.00280188990221,0.000219756070761,0.000302164597297,0.000137347544226,0.000274695088452,0.0124436875069,0.000329634106142,0.10633446874,0.000274695088452,0.000274695088452,0.000329634106142,0.000274695088452,0.559581364685,0.00178551807494,0.000137347544226,0.000137347544226,0.000714207229975,0.000219756070761
"74","16S",2023-11-13,"Nov 13",2023,5,10,"p",1754,1754,1800.735,0.006,0.995,0.862,9.29,0.994,0.120403845639,0.0971318389973,0.000508824080769,0.00524892209636,0.011783294502,0.000508824080769,0.000133901073887,0.0992742561795,0.000187461503441,0.000241021932996,0.0017674941753,0.000133901073887,0.000508824080769,0.00040170322166,0.000241021932996,0.012747382234,0.000428483436437,0.120403845639,0.000241021932996,0.000241021932996,0.000428483436437,0.000241021932996,0.521705364077,0.00192817546397,0.000374923006883,0.000374923006883,0.00166037331619,0.000160681288664
"75","16S",2023-11-13,"Nov 13",2023,5,11,"c",1673,1673,1722.872,0.004,0.996,0.886,9.482,0.996,0.0762178931776,0.103468515051,0.000447189692278,0.00665194667263,0.0110958942396,0.000447189692278,0.000447189692278,0.105928058358,8.3848067302e-05,0.000307442913441,0.00259929008636,0.000475139048045,0.000447189692278,0.00041924033651,0.000307442913441,0.0176360434892,0.000391290980743,0.0762178931776,0.000307442913441,0.000307442913441,0.000391290980743,0.000307442913441,0.590569887364,0.00268313815367,8.3848067302e-05,8.3848067302e-05,0.000978227451857,0.000167696134604
"76","16S",2023-11-13,"Nov 13",2023,5,12,"wp",1712,1712,1766.669,0.005,0.995,0.871,9.354,0.995,0.0981782480637,0.101914475837,0.000490891240319,0.00916330315261,0.0133631504309,0.000490891240319,0.000190902149013,0.10442347551,0.000327260826879,0.000299989091306,0.00199083669685,0.00016363041344,0.000490891240319,NA,0.000299989091306,0.0154358023345,0.000299989091306,0.0981782480637,0.000299989091306,0.000299989091306,0.000299989091306,0.000299989091306,0.548161885022,0.00169084760554,NA,NA,0.00229082578815,0.00016363041344
"77","16S",2023-11-13,"Nov 13",2023,5,13,"wp",1534,1534,1539.644,0.003,0.998,0.889,9.411,0.997,0.0615552190431,0.13320581281,0.000398501633857,0.00658856034643,0.0132568210196,0.000398501633857,0.000664169389761,0.135384288409,0.000185967429133,7.97003267713e-05,0.00289577853936,0.000212534204724,0.000398501633857,0.000106267102362,7.97003267713e-05,0.0410191015116,0.000132833877952,0.0615552190431,7.97003267713e-05,7.97003267713e-05,0.000132833877952,7.97003267713e-05,0.537738104726,0.00180654074015,0.000106267102362,0.000106267102362,0.00143460588188,0.000159400653543
"78","16S",2023-11-13,"Nov 13",2023,5,14,"c",1883,1883,1937.049,0.003,0.995,0.884,9.621,0.997,0.0731320857806,0.114246687611,0.000546373446251,0.0095888539817,0.0130583253654,0.000546373446251,0.0010927468925,0.11659609343,0.000191230706188,0.000355142740063,0.00314164731594,0.0002185493785,0.000546373446251,0.00010927468925,0.000355142740063,0.0242862996858,0.000409780084688,0.0731320857806,0.000355142740063,0.000355142740063,0.000409780084688,0.000355142740063,0.562518781587,0.00188498838956,2.73186723125e-05,2.73186723125e-05,0.00172107635569,0.000355142740063
"79","16S",2023-11-13,"Nov 13",2023,5,15,"p",1579,1579,1621.437,0.003,0.997,0.893,9.492,0.997,0.0527099299774,0.126261233942,0.000551359100182,0.0114682692838,0.0117990847439,0.000551359100182,0.000137839775045,0.127860175332,NA,0.000137839775045,0.00190218889563,0.000275679550091,0.000551359100182,0.000110271820036,0.000137839775045,0.0305177261951,0.000220543640073,0.0527099299774,0.000137839775045,0.000137839775045,0.000220543640073,0.000137839775045,0.576142691735,0.00190218889563,0.000110271820036,0.000110271820036,0.00253625186084,0.000110271820036
"80","16S",2023-11-13,"Nov 13",2023,5,16,"w",1324,1324,1332.5,0.003,0.999,0.899,9.32,0.997,0.0379370061695,0.164736443338,0.000920012988419,0.0053847819028,0.0132319515099,0.000920012988419,0.000568243316376,0.168145903236,0.000865894577335,NA,0.00251650611538,0.00016235523325,0.000920012988419,0.00016235523325,NA,0.0171555363135,0.000243532849876,0.0379370061695,NA,NA,0.000243532849876,NA,0.538694663925,0.00200238121009,0.00016235523325,0.00016235523325,0.00576361078039,0.000568243316376
"81","16S",2024-04-03,"Apr 03",2024,6,1,"w",1731,1731,1763.122,0.003,0.996,0.885,9.52,0.997,0.0651258699201,0.0996649196666,0.000515508205172,0.0154079674657,0.007474868975,0.000515508205172,0.000343672136782,0.10198470659,8.59180341954e-05,0.000286393447318,0.00214795085488,0.000257754102586,0.000515508205172,0.000286393447318,0.000286393447318,0.0174413609417,0.000286393447318,0.0651258699201,0.000286393447318,0.000286393447318,0.000286393447318,0.000286393447318,0.616375977318,0.000945098376149,0.000286393447318,0.000286393447318,0.00266345906006,8.59180341954e-05
"82","16S",2024-04-03,"Apr 03",2024,6,2,"c",2207,2207,2335.616,0.003,0.991,0.884,9.822,0.997,0.0463827463827,0.134370734371,0.000846300846301,0.00808080808081,0.0159159159159,0.000846300846301,0.000682500682501,0.13892983893,0.0002184002184,0.0003276003276,0.00507780507781,0.0003549003549,0.000846300846301,0.0012012012012,0.0003276003276,0.022932022932,0.0004914004914,0.0463827463827,0.0003276003276,0.0003276003276,0.0004914004914,0.0003276003276,0.565247065247,0.0013923013923,0.000955500955501,0.000955500955501,0.004641004641,0.0002184002184
"83","16S",2024-04-03,"Apr 03",2024,6,3,"p",1816,1816,1861.234,0.003,0.995,0.885,9.576,0.997,0.0719089927759,0.11032688422,0.000608929115115,0.00531429045919,0.00877411497689,0.000608929115115,0.000332143153699,0.113094743835,NA,0.000221428769133,0.00226964488361,0.000249107365274,0.000608929115115,0.000498214730549,0.000221428769133,0.0241357358355,0.000359821749841,0.0719089927759,0.000221428769133,0.000304464557558,0.000359821749841,0.000221428769133,0.580171053724,0.00168839436464,0.000304464557558,0.000304464557558,0.00332143153699,0.000553571922832
"84","16S",2024-04-03,"Apr 03",2024,6,4,"wp",1376,1376,1381.129,0.004,0.999,0.891,9.292,0.996,0.0499272637444,0.126643427662,0.000631295803255,0.00664232975599,0.0110614003788,0.000631295803255,0.000247028792578,0.128921582082,0.000192133505339,0.000439162297917,0.00170175390443,0.000219581148958,0.000631295803255,8.23429308594e-05,0.000439162297917,0.0347487168227,0.000494057585156,0.0499272637444,0.000439162297917,0.000494057585156,0.000494057585156,0.000439162297917,0.579309966239,0.00175664919167,2.74476436198e-05,2.74476436198e-05,0.00252518321302,8.23429308594e-05
"85","16S",2024-04-03,"Apr 03",2024,6,5,"wp",2270,2270,2402,0.003,0.991,0.889,9.916,0.997,0.0400368797497,0.12421770228,0.00108962896737,0.00692892266428,0.0125167635226,0.00108962896737,0.000335270451498,0.128604157354,0.000419088064372,0.000279392042915,0.0032688869021,0.000474966472955,0.00108962896737,0.000167635225749,0.000279392042915,0.0283862315601,0.000363209655789,0.0400368797497,0.000279392042915,0.000335270451498,0.000363209655789,0.000279392042915,0.60175458203,0.00324094769781,0.000111756817166,0.000111756817166,0.00259834599911,0.000558784085829
"86","16S",2024-04-03,"Apr 03",2024,6,6,"p",1809,1809,1858.039,0.003,0.995,0.888,9.613,0.997,0.0568427111815,0.102345661246,0.000633184630882,0.00561231831918,0.0105051086487,0.000633184630882,0.000374154554612,0.10623111239,0.000287811195856,0.000489279032954,0.00328104763275,0.000316592315441,0.000633184630882,0.000920995826738,0.000489279032954,0.0105338897683,0.000690746870053,0.0568427111815,0.000489279032954,0.000489279032954,0.000690746870053,0.000489279032954,0.632407540653,0.00184199165348,0.000719527989639,0.000719527989639,0.00336739099151,0.000374154554612
"87","16S",2024-04-03,"Apr 03",2024,6,7,"c",1528,1528,1573.511,0.004,0.997,0.89,9.411,0.996,0.0825693186568,0.102215410339,0.000306534763829,0.00671589800752,0.00992057962937,0.000306534763829,0.00016720078027,0.105698759928,0.000362268357252,0.000334401560541,0.00337188240212,0.00016720078027,0.000306534763829,0.00128187264874,0.000334401560541,0.0122613905532,0.00064093632437,0.0825693186568,0.000334401560541,0.000334401560541,0.00064093632437,0.000334401560541,0.579629371604,0.00228507733036,0.00103107147833,0.00103107147833,0.00365055036924,0.000222934373694
"88","16S",2024-04-03,"Apr 03",2024,6,8,"w",1337,1337,1344.294,0.004,0.999,0.895,9.291,0.996,0.0641317631374,0.116903677369,0.00136095989335,0.00355516053772,0.0144983890679,0.00136095989335,0.000694367292523,0.120736584824,8.33240751028e-05,0.000638817909121,0.00322186423731,0.000138873458505,0.00136095989335,0.000333296300411,0.000638817909121,0.0108876791468,0.000999888901233,0.0641317631374,0.000638817909121,0.000638817909121,0.000999888901233,0.000638817909121,0.584490612154,0.00236084879458,0.000333296300411,0.000333296300411,0.00280524386179,0.000416620375514
"89","16S",2024-04-03,"Apr 03",2024,6,9,"w",1621,1621,1666.393,0.011,0.996,0.837,8.926,0.989,0.054815534477,0.200291463196,0.000690307570373,0.00544575972183,0.00951090430292,0.000690307570373,0.0013550481937,0.203180528213,0.000230102523458,0.000204535576407,0.00375834121648,0.00030680336461,0.000690307570373,0.000664740623322,0.000204535576407,0.0059826656099,0.00061360672922,0.054815534477,0.000204535576407,0.000204535576407,0.00061360672922,0.000204535576407,0.44031396211,0.00127834735254,0.000434638099864,0.000434638099864,0.0110193541789,0.00115051261729
"90","16S",2024-04-03,"Apr 03",2024,6,10,"p",1906,1906,1979.062,0.003,0.994,0.882,9.612,0.997,0.0741666432643,0.10446797158,0.000786318065658,0.00511106742677,0.0121317644416,0.000786318065658,0.000140413940296,0.107276250386,NA,0.00033699345671,0.00235895419697,0.000168496728355,0.000786318065658,0.000786318065658,0.00033699345671,0.0119351849252,0.000505490185066,0.0741666432643,0.00033699345671,0.00036507624477,0.000505490185066,0.00033699345671,0.595383189643,0.0015164705552,0.000673986913421,0.000673986913421,0.00317335505069,0.000224662304474
"91","16S",2024-04-03,"Apr 03",2024,6,11,"c",1858,1858,1914.953,0.003,0.995,0.89,9.669,0.997,0.0580028129395,0.113023909986,0.00070323488045,0.00663853727145,0.0125738396624,0.00070323488045,0.000365682137834,0.116146272855,0.000225035161744,0.00056258790436,0.00255977496484,0.000112517580872,0.00070323488045,0.000506329113924,0.00056258790436,0.0166526019691,0.000787623066104,0.0580028129395,0.00056258790436,0.000618846694796,0.000787623066104,0.00056258790436,0.600956399437,0.00241912798875,0.00028129395218,0.00028129395218,0.00365682137834,0.00028129395218
"92","16S",2024-04-03,"Apr 03",2024,6,12,"wp",1819,1819,1855.778,0.004,0.995,0.876,9.485,0.996,0.0781301078784,0.113626457448,0.000817260542661,0.00809087937234,0.0135665250082,0.000817260542661,0.00021793614471,0.116405143293,0.000190694126621,0.000299662198976,0.00182521521194,0.000354146235153,0.000926228615016,0.000163452108532,0.000299662198976,0.0225291489594,0.000326904217064,0.0781301078784,0.000299662198976,0.000299662198976,0.000326904217064,0.000299662198976,0.55472921434,0.00160727906723,0.000108968072355,0.000108968072355,0.00454941702081,0.000326904217064
"93","16S",2024-04-03,"Apr 03",2024,6,13,"wp",1735,1735,1787.888,0.002,0.995,0.897,9.653,0.998,0.0447508532423,0.140505119454,0.000873720136519,0.00450511945392,0.0136791808874,0.000873720136519,0.00120136518771,0.144982935154,5.46075085324e-05,0.000518771331058,0.00513310580205,0.000109215017065,0.000873720136519,0.000600682593857,0.000518771331058,0.0201228668942,0.000737201365188,0.0447508532423,0.000518771331058,0.000518771331058,0.000737201365188,0.000518771331058,0.565597269625,0.00196587030717,0.000354948805461,0.000354948805461,0.00286689419795,0.000709897610922
"94","16S",2024-04-03,"Apr 03",2024,6,14,"c",1522,1522,1530.679,0.002,0.998,0.91,9.617,0.998,0.0284079296955,0.111587982833,0.0005547283291,0.00508014364544,0.00884645703775,0.0005547283291,0.000233569822779,0.116025809465,0.00043794341771,0.000379550962016,0.00356193979738,0.000262766050626,0.0005547283291,0.0027736416455,0.000379550962016,0.015678374354,0.000671513240489,0.0284079296955,0.000379550962016,0.000379550962016,0.000671513240489,0.000379550962016,0.658725292692,0.00435023794926,0.00224810954425,0.00224810954425,0.00464220022773,0.000525532101253
"95","16S",2024-04-03,"Apr 03",2024,6,15,"p",1995,1995,2061.483,0.002,0.994,0.899,9.854,0.998,0.0369415325971,0.123465440888,0.000420427153988,0.00560569538651,0.0107068781882,0.000420427153988,0.000476484107854,0.13066875946,0.000532541061719,0.000448455630921,0.00658669207915,0.000336341723191,0.000448455630921,0.00386792981669,0.000448455630921,0.0207130444532,0.000476484107854,0.0369415325971,0.000448455630921,0.000448455630921,0.000476484107854,0.000448455630921,0.600818431526,0.00333538875498,0.00299904703178,0.00299904703178,0.00742754638713,0.000196199338528
"96","16S",2024-04-03,"Apr 03",2024,6,16,"w",2017,2017,2080.764,0.003,0.994,0.894,9.819,0.997,0.0278053624628,0.123733862959,0.00065257483331,0.00297914597815,0.0111788906228,0.00065257483331,0.000595829195631,0.131593133778,0.000936303021705,0.000312101007235,0.00695134061569,0.000141864094198,0.00065257483331,0.00544758121719,0.000312101007235,0.0147254929777,0.000539083557951,0.0278053624628,0.000312101007235,0.000312101007235,0.000539083557951,0.000312101007235,0.617534402043,0.00428429564477,0.00431266846361,0.00425592282593,0.00939140303589,0.000907930202866
"97","16S",2024-05-28,"May 28",2024,7,1,"w",1570,1570,1579.167,0.003,0.999,0.887,9.414,0.997,0.0497789959273,0.123704375688,0.000907178289486,0.00681348800401,0.00970873786408,0.000907178289486,0.000559748306279,0.127526105503,0.000328128317474,0.000366731648941,0.00376382481808,0.000135111660136,0.000907178289486,0.000868574958019,0.000366731648941,0.0334497867166,0.000579049972013,0.0497789959273,0.000366731648941,0.000366731648941,0.000579049972013,0.000366731648941,0.582350556853,0.00208457989925,0.000714161632149,0.000714161632149,0.000829971626551,0.000250921654539
"98","16S",2024-05-28,"May 28",2024,7,2,"c",2242,2242,2292.746,0.003,0.997,0.886,9.86,0.997,0.04620086994,0.114267800462,0.000587797327481,0.0061914651828,0.00750421254751,0.000587797327481,0.000431051373486,0.121732826521,0.000783729769975,0.000254712175242,0.0065049570908,0.000372271640738,0.000724950037227,0.00409498804812,0.000254712175242,0.0261373878287,0.000685763548728,0.04620086994,0.000254712175242,0.00033308515224,0.000685763548728,0.000254712175242,0.600395783534,0.0031741055684,0.00337003801089,0.0033308515224,0.00338963125514,5.87797327481e-05
"99","16S",2024-05-28,"May 28",2024,7,3,"p",1786,1786,1799.839,0.004,0.998,0.881,9.519,0.996,0.0756746109907,0.103486310813,0.000334843411463,0.0078392751625,0.00758321843608,0.000334843411463,0.000354540082726,0.105731731337,0.000354540082726,0.000433326767776,0.00194997045499,0.000393933425251,0.000334843411463,0.000551506795352,0.000433326767776,0.0173724640536,0.000669686822927,0.0756746109907,0.000433326767776,0.000512113452826,0.000669686822927,0.000433326767776,0.591845578097,0.00344691747095,0.000315146740201,0.000315146740201,0.00118180027575,0.000275753397676
"100","16S",2024-05-28,"May 28",2024,7,4,"wp",1633,1633,1641.776,0.005,0.999,0.868,9.262,0.995,0.0971624618534,0.105123490722,0.00053073525788,0.0106905244802,0.00873817692439,0.00053073525788,0.000322232120856,0.107682392858,NA,0.00026536762894,0.00208503137024,0.000208503137024,0.00053073525788,0.000284322459579,0.00026536762894,0.0246791894914,0.00026536762894,0.0971624618534,0.00026536762894,0.00026536762894,0.00026536762894,0.00026536762894,0.537066171314,0.00153534128173,0.000246412798302,0.000246412798302,0.00176279924939,3.79096612772e-05
"101","16S",2024-05-28,"May 28",2024,7,5,"wp",1366,1366,1368.782,0.003,1,0.896,9.328,0.997,0.0464605816718,0.105257809483,0.000934902343353,0.00284535495803,0.0110562364083,0.000934902343353,0.000182915675873,0.109200658496,0.000386155315733,NA,0.00308924252586,0.000162591711887,0.000934902343353,0.000528423063634,NA,0.0185964270471,NA,0.0464605816718,NA,NA,NA,NA,0.648456394935,0.00247952360628,0.000325183423775,0.000325183423775,0.000934902343353,0.000264211531817
"102","16S",2024-05-28,"May 28",2024,7,6,"p",1702,1702,1710.189,0.003,0.999,0.894,9.599,0.997,0.0513746293644,0.106037073643,0.000927849607681,0.00326764427053,0.010629929201,0.000927849607681,0.000161365149162,0.109869495936,0.000121023861871,0.000443754160195,0.00328781491417,8.0682574581e-05,0.000988361538617,0.00149262762975,0.000443754160195,0.0139984266898,0.000544607378421,0.0513746293644,0.000443754160195,0.000443754160195,0.000544607378421,0.000443754160195,0.634790326159,0.00310627912137,0.00108921475684,0.00108921475684,0.0016943340662,NA
"103","16S",2024-05-28,"May 28",2024,7,7,"c",2010,2010,2044.615,0.002,0.997,0.894,9.815,0.998,0.0493352065645,0.101887483966,0.00071264227394,0.00574186060717,0.009406878016,0.00071264227394,NA,0.10494166514,0.000203612078268,0.000264695701749,0.00242298373139,0.000244334493922,0.00071264227394,0.000936615560035,0.000264695701749,0.0176531671859,0.000285056909576,0.0493352065645,0.000264695701749,0.000285056909576,0.000285056909576,0.000264695701749,0.648097245129,0.00307454238185,0.00071264227394,0.00071264227394,0.000814448313074,2.03612078268e-05
"104","16S",2024-05-28,"May 28",2024,7,8,"w",1961,1961,2010.093,0.003,0.997,0.898,9.818,0.997,0.0464012707237,0.116072669513,0.00113173831033,0.00450709818326,0.0152288295443,0.00113173831033,0.000635361858433,0.120659187928,0.000794202323042,0.000536086568053,0.00345478010523,0.000238260696913,0.00115159336841,0.00105231807803,0.000536086568053,0.0136007147821,0.00085376749727,0.0464012707237,0.000536086568053,0.000536086568053,0.00085376749727,0.000536086568053,0.61465303286,0.00359376551176,0.000794202323042,0.000794202323042,0.00178695522684,0.000317680929217
"105","16S",2024-05-28,"May 28",2024,7,9,"w",1875,1875,1880.914,0.003,0.999,0.886,9.629,0.997,0.0787454384062,0.0986882335536,0.00039451622448,0.0097840023671,0.00998126047934,0.00039451622448,0.000512871091824,0.102317782819,0.000216983923464,0.0004931452806,0.00335338790808,7.89032448959e-05,0.00039451622448,0.00110464542854,0.0004931452806,0.0131965677088,0.000611500147944,0.0787454384062,0.0004931452806,0.000532596903048,0.000611500147944,0.0004931452806,0.591932143209,0.00297859749482,0.000907387316303,0.000907387316303,0.00069040339284,0.000157806489792
"106","16S",2024-05-28,"May 28",2024,7,10,"p",1699,1699,1706.256,0.004,0.999,0.888,9.529,0.996,0.062819284802,0.102749840358,0.000598659003831,0.00618614303959,0.0106361749681,0.000598659003831,0.000498882503193,0.107399425287,0.000558748403576,0.000279374201788,0.0043901660281,0.00025941890166,0.000638569604087,0.00169620051086,0.000279374201788,0.0128911238825,0.000279374201788,0.062819284802,0.000279374201788,0.000279374201788,0.000279374201788,0.000279374201788,0.615241858238,0.00321280332056,0.00133700510856,0.00133700510856,0.00127713920817,0.000239463601533
"107","16S",2024-05-28,"May 28",2024,7,11,"c",1800,1800,1808.07,0.004,0.999,0.885,9.574,0.996,0.0809263190698,0.105116568958,0.000525874997565,0.00860876847866,0.00872562958923,0.000525874997565,0.000603782404612,0.107921235611,0.000194768517617,0.000292152776425,0.00243460647021,5.8430555285e-05,0.000525874997565,0.00118808795746,0.000292152776425,0.0188146388018,0.000292152776425,0.0809263190698,0.000292152776425,0.000292152776425,0.000292152776425,0.000292152776425,0.574664511228,0.00266832869135,0.000759597218706,0.000759597218706,0.00151919443741,0.000389537035234
"108","16S",2024-05-28,"May 28",2024,7,12,"wp",1664,1664,1668.94,0.005,0.999,0.864,9.249,0.995,0.110090521832,0.0967214361783,0.000456412596988,0.00608550129317,0.00791115168112,0.000456412596988,0.000133120340788,0.0993838429941,0.000190171915412,0.000228206298494,0.00232009736802,0.000133120340788,0.000456412596988,0.000342309447741,0.000228206298494,0.0189791571581,0.000399361022364,0.110090521832,0.000228206298494,0.000304275064658,0.000399361022364,0.000228206298494,0.539042294234,0.00256732085806,0.000266240681576,0.000266240681576,0.00140727217405,0.000133120340788
"109","16S",2024-05-28,"May 28",2024,7,13,"wp",1877,1877,1886.482,0.003,0.998,0.882,9.587,0.997,0.0859688280245,0.113187561474,0.0003026405387,0.00762275856851,0.0104221835515,0.0003026405387,0.000586366043732,0.11636528713,0.000264810471363,0.000283725505031,0.00342362109405,0.000378300673375,0.0003026405387,0.000643111144738,0.000283725505031,0.0249867594764,0.000283725505031,0.0859688280245,0.000283725505031,0.000283725505031,0.000283725505031,0.000283725505031,0.541386093667,0.00200499356889,0.000567451010063,0.000567451010063,0.00162669289551,0.000340470606038
"110","16S",2024-05-28,"May 28",2024,7,14,"c",1770,1770,1775.343,0.003,0.999,0.89,9.599,0.997,0.0767739210567,0.11455613577,0.00117109506988,0.00687298418062,0.0133236062049,0.00117109506988,0.000422362156351,0.118549377976,0.000364767316848,0.000575948395024,0.00343649209031,0.000134387958839,0.00117109506988,0.000403163876517,0.000575948395024,0.0149938565505,0.00065274151436,0.0767739210567,0.000575948395024,0.00065274151436,0.00065274151436,0.000575948395024,0.56022500384,0.00159345722623,0.00023037935801,0.00023037935801,0.00155506066656,0.00055675011519
"111","16S",2024-05-28,"May 28",2024,7,15,"p",2156,2156,2200.87,0.002,0.997,0.894,9.899,0.998,0.0415194515002,0.132063940719,0.000687534615458,0.00504192051336,0.0124902121808,0.000687534615458,0.000439258226543,0.136647504822,0.000515650961594,0.000305570940204,0.00395332403888,0.000248276388915,0.000687534615458,0.00114589102576,0.000305570940204,0.0382536620767,0.000343767307729,0.0415194515002,0.000305570940204,0.000305570940204,0.000343767307729,0.000305570940204,0.574225091194,0.00250186207292,0.000935811004373,0.000935811004373,0.0017952292737,0.000611141880407
"112","16S",2024-05-28,"May 28",2024,7,16,"w",1815,1815,1883.25,0.002,0.997,0.898,9.719,0.998,0.0332791579599,0.144048448263,0.000657843820138,0.00139308103088,0.0202770683384,0.000657843820138,0.00069654051544,0.148634006656,0.00069654051544,0.000251528519464,0.0043920749168,9.67417382556e-05,0.000657843820138,0.00197353146041,0.000251528519464,0.0138921136135,0.000831978948998,0.0332791579599,0.000251528519464,0.000367618605371,0.000831978948998,0.000251528519464,0.581514588654,0.00367618605371,0.00145112607383,0.00137373268323,0.00255398188995,0.000464360343627
"113","16S",2024-10-21,"Oct 21",2024,8,1,"w",1767,1767,1810.065,0.003,0.998,0.893,9.636,0.997,0.0393900889454,0.121941872895,0.000625239507069,0.00225892983199,0.010447550473,0.000625239507069,0.000847098686997,0.126721929771,0.00048405639257,0.000201690163571,0.00447752163127,0.000161352130857,0.000625239507069,0.00181521147214,0.000201690163571,0.00949960670418,0.000262197212642,0.0393900889454,0.000201690163571,0.000221859179928,0.000262197212642,0.000201690163571,0.630644803453,0.00407414130413,0.00139166212864,0.00139166212864,0.00108912688328,0.000322704261713
"114","16S",2024-10-21,"Oct 21",2024,8,2,"c",1614,1614,1622.151,0.003,0.999,0.896,9.544,0.997,0.0481909011543,0.125987001649,0.000523814142982,0.00355029585799,0.0119507226695,0.000523814142982,0.000931225143079,0.130817732079,0.000543214666796,0.000504413619168,0.00517993985838,0.000368609952469,0.000523814142982,0.0020564555243,0.000504413619168,0.0218837908624,0.000620816762053,0.0481909011543,0.000504413619168,0.000543214666796,0.000620816762053,0.000504413619168,0.585992821806,0.00413231157241,0.00153264138132,0.00153264138132,0.000814822000194,0.000271607333398
"115","16S",2024-10-21,"Oct 21",2024,8,3,"p",1899,1899,1908.15,0.003,0.999,0.888,9.67,0.997,0.0609803243331,0.0927828758622,0.000447636681791,0.0112519584105,0.00638899627648,0.000447636681791,0.000244165462795,0.0946344639551,0.000183124097096,0.000366248194193,0.00160742263007,8.13884875984e-05,0.000447636681791,0.000467983803691,0.000366248194193,0.0207744114595,0.000386595316093,0.0609803243331,0.000366248194193,0.000386595316093,0.000386595316093,0.000366248194193,0.640913992716,0.00266547296885,0.000366248194193,0.000366248194193,0.000895273363583,0.000101735609498
"116","16S",2024-10-21,"Oct 21",2024,8,4,"wp",1829,1829,1835.481,0.004,0.999,0.878,9.515,0.996,0.0682894762282,0.117959822896,0.000367355619574,0.00334486958876,0.0108466580306,0.000367355619574,0.00112140136502,0.121788055142,0.000328686606987,0.000270683088107,0.00390557027126,0.000406024632161,0.000367355619574,0.000309352100694,0.000270683088107,0.0204752421647,0.000367355619574,0.0682894762282,0.000270683088107,0.000270683088107,0.000367355619574,0.000270683088107,0.574118829876,0.00330620057617,0.000309352100694,0.000309352100694,0.000908721795789,0.000290017594401
"117","16S",2024-10-21,"Oct 21",2024,8,5,"wp",1869,1869,1878.167,0.003,0.999,0.889,9.659,0.997,0.0621330055988,0.113341526697,0.000331636136634,0.00823237939174,0.0109439925089,0.000331636136634,0.00122900450635,0.116072647822,0.000390160160746,0.000195080080373,0.00356996547083,0.000526716217007,0.000331636136634,0.000429176176821,0.000195080080373,0.0243655020386,0.000292620120559,0.0621330055988,0.000195080080373,0.000195080080373,0.000292620120559,0.000195080080373,0.588868730614,0.00228243694036,0.000390160160746,0.000390160160746,0.00093638438579,0.000604748249156
"118","16S",2024-10-21,"Oct 21",2024,8,6,"p",2142,2142,2192.164,0.004,0.997,0.881,9.752,0.996,0.0636729625253,0.101087587878,0.000660965008913,0.00436637490736,0.0106355278707,0.000660965008913,0.000680994251607,0.105373845815,0.000821198950468,0.000320467883109,0.00348508822881,0.000380555611192,0.000680994251607,0.000801169707773,0.000320467883109,0.0128988322952,0.000320467883109,0.0636729625253,0.000320467883109,0.000320467883109,0.000320467883109,0.000320467883109,0.621046728223,0.00338494201534,0.000660965008913,0.000660965008913,0.00124181304705,0.000400584853887
"119","16S",2024-10-21,"Oct 21",2024,8,7,"c",1452,1452,1452,0.003,1,0.893,9.384,0.997,0.0717968981527,0.104336659093,0.000434653758767,0.00529487306135,0.00709275906352,0.000434653758767,NA,0.107319964437,0.000493924725872,0.000256840857453,0.0021535118048,0.000335868813593,0.000493924725872,0.000928578484639,0.000256840857453,0.0200928578485,0.000256840857453,0.0717968981527,0.000256840857453,0.000256840857453,0.000256840857453,0.000256840857453,0.599881458066,0.00302281932234,0.000612466660081,0.000612466660081,0.000454410747802,NA
"120","16S",2024-10-21,"Oct 21",2024,8,8,"w",1721,1721,1729.899,0.005,0.999,0.866,9.314,0.995,0.105277216011,0.0991338192086,0.000820391498455,0.0031098561453,0.00789865303163,0.000820391498455,0.00032434082497,0.103560117526,0.000381577441142,0.000362498569085,0.00362498569085,0.000228946464685,0.000858549242569,0.00171709848514,0.000362498569085,0.0115045598504,0.00045789292937,0.105277216011,0.000362498569085,0.000400656313199,0.00045789292937,0.000362498569085,0.544530087381,0.0037776166673,0.00150723089251,0.00144999427634,0.000515129545541,0.000190788720571
"121","16S",2024-10-21,"Oct 21",2024,8,9,"w",1955,1955,1979.923,0.003,0.998,0.888,9.713,0.997,0.0612109782521,0.103181927614,0.000581815263623,0.00633978011396,0.0108739266512,0.000581815263623,0.000581815263623,0.107114196292,0.000501564882433,0.000260813738865,0.00353101677233,8.02503811893e-05,0.000581815263623,0.00128400609903,0.000260813738865,0.0125993098467,0.000260813738865,0.0612109782521,0.000260813738865,0.000260813738865,0.000260813738865,0.000260813738865,0.621258325977,0.00341064120055,0.00108338014606,0.00108338014606,0.000662065644812,0.000220688548271
"122","16S",2024-10-21,"Oct 21",2024,8,10,"p",1901,1901,1909.8,0.003,0.999,0.893,9.724,0.997,0.0393028846154,0.115224358974,0.000721153846154,0.00284455128205,0.0116586538462,0.000721153846154,0.000300480769231,0.121574519231,0.000821314102564,0.000641025641026,0.00548878205128,0.000260416666667,0.000761217948718,0.00328525641026,0.000641025641026,0.0115584935897,0.000721153846154,0.0393028846154,0.000641025641026,0.000641025641026,0.000721153846154,0.000641025641026,0.628926282051,0.00492788461538,0.00300480769231,0.00300480769231,0.000741185897436,0.000280448717949
"123","16S",2024-10-21,"Oct 21",2024,8,11,"c",1838,1838,1844.483,0.003,0.999,0.886,9.61,0.997,0.071678216932,0.0959837031415,0.000619120848395,0.00645083980747,0.00940664256755,0.000619120848395,0.000359489524875,0.0998382297138,0.000459347726229,0.00023965968325,0.00351500868766,NA,0.000619120848395,0.00159773122167,0.00023965968325,0.0140200914701,0.00023965968325,0.071678216932,0.00023965968325,0.00023965968325,0.00023965968325,0.00023965968325,0.613408959278,0.0041740728166,0.0012981566176,0.0012981566176,0.000199716402708,0.000539234287312
"124","16S",2024-10-21,"Oct 21",2024,8,12,"wp",1887,1887,1898.326,0.003,0.998,0.893,9.716,0.997,0.0503951185356,0.111693508052,0.000660198059418,0.00554166249875,0.00972291687506,0.000660198059418,0.000560168050415,0.114134240272,0.000200060018005,0.000280084025208,0.00252075622687,0.000460138041412,0.000660198059418,0.00036010803241,0.000280084025208,0.0198259477843,0.000280084025208,0.0503951185356,0.000280084025208,0.000280084025208,0.000280084025208,0.000280084025208,0.624427328198,0.00328098429529,0.00036010803241,0.00036010803241,0.000840252075623,0.000440132039612
"125","16S",2024-10-21,"Oct 21",2024,8,13,"wp",1895,1895,1905.396,0.003,0.999,0.892,9.711,0.997,0.0560383520828,0.129953969861,0.00045839142808,0.00481310999484,0.0117462803446,0.00045839142808,0.000706686784957,0.132398724144,0.000190996428367,0.00040109249957,0.0032278396394,0.000305594285387,0.00045839142808,0.000477491070917,0.00040109249957,0.0292033538973,0.000592088927937,0.0560383520828,0.00040109249957,0.00040109249957,0.000592088927937,0.00040109249957,0.565101132609,0.00278854785416,0.000362893213897,0.000362893213897,0.00105048035602,0.000439291785244
"126","16S",2024-10-21,"Oct 21",2024,8,14,"c",1811,1811,1816.964,0.003,0.999,0.887,9.598,0.997,0.0599328186693,0.11273498733,0.000707171901703,0.00648240909895,0.0102932799026,0.000707171901703,0.00137505647553,0.116211915847,0.000294654959043,0.000844677549256,0.00473412300862,5.89309918086e-05,0.000707171901703,0.000883964877129,0.000844677549256,0.0150666902391,0.00098218319681,0.0599328186693,0.000844677549256,0.000844677549256,0.00098218319681,0.000844677549256,0.596970947021,0.00308405523798,0.000628597245958,0.000628597245958,0.000392873278724,0.0011393325083
"127","16S",2024-10-21,"Oct 21",2024,8,15,"p",1676,1676,1680.888,0.002,0.999,0.906,9.7,0.998,0.0413561702626,0.130935195662,0.0003316296672,0.00491592212555,0.0125043892162,0.0003316296672,0.000702274589364,0.134856228785,0.000760797471811,0.000468183059576,0.00421364753619,0.000390152549647,0.0003316296672,0.00107291951153,0.000468183059576,0.0229799851742,0.000468183059576,0.0413561702626,0.000468183059576,0.000468183059576,0.000468183059576,0.000468183059576,0.59119815848,0.00356989582927,0.000838827981741,0.000838827981741,0.00241894580781,0.000604736451953
"128","16S",2024-10-21,"Oct 21",2024,8,16,"w",1912,1912,1918.289,0.003,0.999,0.885,9.645,0.997,0.0782379633902,0.111405937548,0.000692201199815,0.00530687586525,0.00878710967543,0.000692201199815,0.000807568066451,0.116501307491,0.000461467466544,0.000365328411014,0.00453776342101,0.000365328411014,0.000692201199815,0.0015959083218,0.000365328411014,0.0179010921397,0.000557606522074,0.0782379633902,0.000365328411014,0.000365328411014,0.000557606522074,0.000365328411014,0.561625134595,0.00401861252115,0.0012882633441,0.0012882633441,0.00101907398862,0.000865251499769
